index,Product,Brand,Category,Style,Quantity,Quantity Units,Volume,Package,ABV,Units of Alcohol,Units (4 Decimal Places),Units per 100ml
0,13 Guns,Crafty Dan,Beer,IPA,330,ml,330,bottle,5.5,1.8,1.815,0.55
1,13 Guns,Crafty Dan,Beer,IPA,330,ml,330,can,5.5,1.8,1.815,0.55
2,13 Guns,Crafty Dan,Beer,IPA,1,pint,568,draught,5.5,3.1,3.124,0.55
3,Abbot Ale,Greene King,Beer,Ale,500,ml,500,bottle,5.0,2.5,2.5,0.5
4,Abbot Ale,Greene King,Beer,Beer,1,pint,568,draught,5.0,2.8,2.84,0.5
5,Addlestones Cloudy,Addlestones,Cider,,500,ml,500,bottle,5.0,2.5,2.5,0.5
6,Addlestones Cloudy,Stone,Cider,,1,pint,568,draught,5.2,3.0,2.9536,0.52
7,Adnams Broadside,Adnams,Beer,,1,pint,568,draught,4.7,2.7,2.6696,0.47
8,Adnams Crystal Rye IPA,Adnams,Beer,Rye Beer,330,ml,330,can,5.0,1.7,1.65,0.5
9,Adnams Dry Hopped Lager,Adnams,Beer,Lager,330,ml,330,bottle,4.2,1.4,1.386,0.42
10,Adnams FreeWheel,Adnams,Beer,Summer Ale,1,pint,568,draught,3.6,2.0,2.0448,0.36
11,Adnams Ghost Ship,Adnams,Beer,Pale Ale,1,pint,568,draught,4.5,2.6,2.556,0.45
12,Adnams Mosaic Pale Ale,Adnams,Beer,Pale Ale,330,ml,330,bottle,4.1,1.4,1.353,0.41
13,Adnams Mosaic Pale Ale,Adnams,Beer,Pale Ale,330,ml,330,can,4.1,1.4,1.353,0.41
14,Adnams Mosaic Pale Ale,Adnams,Beer,Pale Ale,1,pint,568,draught,4.1,2.3,2.3288,0.41
15,Adnams Sloe Storm,Adnams,Beer,Amber Ale,1,pint,568,draught,4.0,2.3,2.272,0.4
16,Adnams Southwold Bitter,Adnams,Beer,Amber Ale,1,pint,568,draught,3.7,2.1,2.1016,0.37
17,Ale Fresco,Greene King,Beer,Ale,1,pint,568,draught,4.3,2.4,2.4424,0.43
18,Alhambra Especial,Alhambra,Beer,Lager,1,pint,568,draught,4.8,2.7,2.7264,0.48
19,Alhambra Reserva,Alhambra,Beer,Lager,330,ml,330,bottle,6.4,2.1,2.112,0.64
20,Amarillo Single Hop Session IPA,Greene King,Beer,IPA,1,pint,568,draught,3.8,2.2,2.1584,0.38
21,Amigos,Amigos,Beer,Lager,330,ml,330,bottle,5.1,1.7,1.683,0.51
22,Amstel,Amstel,Beer,Lager,330,ml,330,bottle,4.1,1.4,1.353,0.41
23,Amstel Lager,Amstel,Beer,Lager,1,pint,568,draught,4.1,2.3,2.3288,0.41
24,Anchor California Lager,Anchor,Beer,Lager,355,ml,355,bottle,4.9,1.7,1.7395,0.49
25,Anchor Liberty Ale,Anchor,Beer,IPA,355,ml,355,bottle,5.9,2.1,2.0945,0.59
26,Anchor Porter,Anchor,Beer,Porter,335,ml,335,bottle,5.6,1.9,1.876,0.56
27,Anchor Steam Beer,Anchor,Beer,Steam Beer,355,ml,355,bottle,4.8,1.7,1.704,0.48
28,Anchor Steam Beer,Anchor,Beer,Steam Beer,1,pint,568,draught,4.8,2.7,2.7264,0.48
29,Angry Orchard Cider,Angry Orchard,Cider,,500,ml,500,bottle,5.0,2.5,2.5,0.5
30,Angry Orchard Hard Cider,Angry Orchard,Cider,,1,pint,568,draught,5.0,2.8,2.84,0.5
31,Ansells Drum Mild,Ansells,Beer,Bitter,1,pint,568,draught,3.2,1.8,1.8176,0.32
32,Asahi Super Dry,Asahi,Beer,Lager,330,ml,330,bottle,5.2,1.7,1.716,0.52
33,Asahi Super Dry,Asahi,Beer,Lager,1,pint,568,draught,5.2,3.0,2.9536,0.52
34,Ashton Press Cider,Ashton Press,Cider,,500,ml,500,bottle,4.8,2.4,2.4,0.48
35,Aspall Cyder,Aspall,Cider,,1,pint,568,draught,4.5,2.6,2.556,0.45
36,Aspall Cyderkyn,Aspall,Cider,,1,pint,568,draught,3.8,2.2,2.1584,0.38
37,Aspall Draught Cyder,Aspall,Cider,,330,ml,330,bottle,5.5,1.8,1.815,0.55
38,Aspall Draught Cyder,Aspall,Cider,,1,pint,568,draught,5.5,3.1,3.124,0.55
39,Aspall Harry Sparrow,Aspall,Cider,,500,ml,500,bottle,4.6,2.3,2.3,0.46
40,Aspall Harry Sparrow,Aspall,Cider,,1,pint,568,draught,4.6,2.6,2.6128,0.46
41,Aspall Isabel's Berry,Aspall,Cider,Fruit Cider,500,ml,500,bottle,3.8,1.9,1.9,0.38
42,Aspall Mulled Cyder,Aspall,Cider,Mulled Cider,1,pint,568,draught,3.8,2.2,2.1584,0.38
43,Aspall Peronelle's Blush,Aspall,Cider,Fruit Cider,500,ml,500,bottle,4.0,2.0,2.0,0.4
44,Aspall Premier Cru Cyder,Aspall,Cider,,500,ml,500,bottle,7.0,3.5,3.5,0.7
45,Babycham Popping Cork,Babycham,Cider,Perry,75,cl,750,bottle,5.5,4.1,4.125,0.55
46,Back of the Net,Greene King,Beer,Blonde Ale,1,pint,568,draught,4.1,2.3,2.3288,0.41
47,Bad Apple Cider,Bad Apple,Cider,,1,pint,568,draught,5.1,2.9,2.8968,0.51
48,Bah Humbug,Wychwood,Beer,Ale,1,pint,568,draught,4.3,2.4,2.4424,0.43
49,Bass,Bass,Beer,,500,ml,500,bottle,4.4,2.2,2.2,0.44
50,Bass,Bass,Beer,Ale,1,pint,568,draught,4.4,2.5,2.4992,0.44
51,Bass Smooth,Bass,Beer,,1,pint,568,draught,3.6,2.0,2.0448,0.36
52,Bath Ales Gem,Bath Ales,Beer,Bitter,1,pint,568,draught,4.1,2.3,2.3288,0.41
53,Beck's Bier,Beck's,Beer,Lager,275,ml,275,bottle,4.8,1.3,1.32,0.48
54,Beck's Bier,Beck's,Beer,Lager,1,pint,568,draught,4.9,2.8,2.7832,0.49
55,Beck's Blue,Beck's,Beer,Lager,275,ml,275,bottle,0.0,0.0,0.0,0.0
56,Beck's Vier,Beck's,Beer,Lager,1,pint,568,draught,4.0,2.3,2.272,0.4
57,Bedlam Pale Ale,Bedlam,Beer,Pale Ale,1,pint,568,draught,4.8,2.7,2.7264,0.48
58,Beerd Monterey,Beerd,Beer,Pale Ale,1,pint,568,draught,3.1,1.8,1.7608,0.31
59,Belhaven Best,Belhaven,Beer,Bitter,1,pint,568,draught,3.2,1.8,1.8176,0.32
60,Belhaven Export 80/- ,Belhaven,Beer,Ale,500,ml,500,bottle,3.9,2.0,1.95,0.39
61,Belhaven Light,Belhaven,Beer,Ale,1,pint,568,draught,2.7,1.5,1.5336,0.27
62,Bellerose Blonde,Bellerose,Beer,Lager,330,ml,330,bottle,6.5,2.1,2.145,0.65
63,Bellerose Blonde Extra,Bellerose,Beer,Lager,330,ml,330,bottle,6.5,2.1,2.145,0.65
64,Belleville Balham Black Lager,Belleville,Beer,Lager,330,ml,330,can,4.6,1.5,1.518,0.46
65,Bellfield Bohemian Pilsner Gluten Free,Bellfield,Beer,Lager,330,ml,330,bottle,4.5,1.5,1.485,0.45
66,Bellfield Bohmenian Pilsner,Bellfield,Beer,Lager,1,pint,568,draught,4.5,2.6,2.556,0.45
67,Bellfield Lawless Village IPA,Bellfield,Beer,IPA,1,pint,568,draught,4.5,2.6,2.556,0.45
68,Bellfield Lawless Village IPA Gluten Free,Bellfield,Beer,IPA,330,ml,330,bottle,4.5,1.5,1.485,0.45
69,Berliner Heist,The London Beer Factory,Beer,Sour Beer,330,ml,330,can,3.5,1.2,1.155,0.35
70,Berliner Pilsner,Berliner,Beer,Lager,330,ml,330,can,5.0,1.7,1.65,0.5
71,Berliner Pilsner,Berliner,Beer,Lager,1,pint,568,draught,5.0,2.8,2.84,0.5
72,Betty Stogs,Skinners,Beer,Bitter,1,pint,568,draught,4.0,2.3,2.272,0.4
73,Beyond The Pale,The London Beer Factory,Beer,Pale Ale,330,ml,330,can,4.2,1.4,1.386,0.42
74,Beyond the Pale,The London Beer Factory,Beer,Pale Ale,1,pint,568,draught,4.2,2.4,2.3856,0.42
75,Big Hug Juicy Pale,Big Hug Brewing,Beer,Pale Ale,330,ml,330,can,4.0,1.3,1.32,0.4
76,Big Hug Juicy Pale,Big Hug Brewing,Beer,Pale Ale,1,pint,568,draught,4.0,2.3,2.272,0.4
77,Big Hug Pilsner,Big Hug Brewing,Beer,Lager,330,ml,330,can,4.2,1.4,1.386,0.42
78,Big Hug Pilsner,Big Hug Brewing,Beer,Lager,1,pint,568,draught,4.2,2.4,2.3856,0.42
79,Big Hug Spirit Pale Ale,Big Hug Brewing,Beer,Pale Ale,330,ml,330,bottle,4.2,1.4,1.386,0.42
80,Big Hug Spirit Pale Ale,Big Hug Brewing,Beer,Lager,330,ml,330,can,4.2,1.4,1.386,0.42
81,Big Hug White IPA,Big Hug Brewing,Beer,IPA,330,ml,330,bottle,5.2,1.7,1.716,0.52
82,Big Hug White IPA,Big Hug Brewing,Beer,IPA,330,ml,330,can,5.2,1.7,1.716,0.52
83,Big Hug White IPA,Big Hug Brewing,Beer,IPA,1,pint,568,draught,5.2,3.0,2.9536,0.52
84,Birra del Borgo Cortigianna,Birra del Borgo,Beer,Pale Ale,33,cl,330,bottle,5.0,1.7,1.65,0.5
85,Birra Del Borgo Lisa,Birra del Borgo,Beer,Lager,1,pint,568,draught,5.0,2.8,2.84,0.5
86,Birra Moretti,Birra Moretti,Beer,Lager,330,ml,330,bottle,4.6,1.5,1.518,0.46
87,Birra Moretti,Birra Moretti,Beer,Lager,330,ml,330,can,4.6,1.5,1.518,0.46
88,Birra Moretti,Birra Moretti,Beer,Lager,1,pint,568,draught,4.6,2.6,2.6128,0.46
89,Birra Poretti,Poretti,Beer,Lager,1,pint,568,draught,4.8,2.7,2.7264,0.48
90,Birra Poretti 3,Poretti,Beer,Lager,1,pint,568,draught,4.8,2.7,2.7264,0.48
91,Bishops Farewell,Oakham Ales,Beer,Ale,500,ml,500,bottle,4.6,2.3,2.3,0.46
92,Bishops Finger,Shepherd Neame,Beer,Ale,500,ml,500,bottle,5.4,2.7,2.7,0.54
93,Bishops Finger,Shepherd Neame,Beer,Ale,1,pint,568,draught,5.0,2.8,2.84,0.5
94,Bitburger Pils,Bitburger,Beer,Lager,1,pint,568,draught,4.8,2.7,2.7264,0.48
95,Black Sheep Ale,Black Sheep,Beer,Ale,500,ml,500,bottle,4.4,2.2,2.2,0.44
96,Black Sheep Ale,Black Sheep,Beer,Ale,1,pint,568,draught,4.4,2.5,2.4992,0.44
97,Black Sheep Best Bitter,Black Sheep,Beer,Bitter,1,pint,568,draught,3.8,2.2,2.1584,0.38
98,Black Sheep Bitter,Black Sheep,Beer,Bitter,1,pint,568,draught,3.8,2.2,2.1584,0.38
99,Black Sheep Blind Side,Black Sheep,Beer,Ale,1,pint,568,draught,4.3,2.4,2.4424,0.43
100,Black Sheep Blitzen,Black Sheep,Beer,Ale,1,pint,568,draught,4.0,2.3,2.272,0.4
101,Black Sheep Golden Sheep,Black Sheep,Beer,Ale,500,ml,500,bottle,4.7,2.4,2.35,0.47
102,Black Sheep Milk Stout,Black Sheep,Beer,Stout,1,pint,568,draught,4.4,2.5,2.4992,0.44
103,Black Sheep Pathmaker,Black Sheep,Beer,Pale Ale,1,pint,568,draught,4.0,2.3,2.272,0.4
104,Black Sheep Riggwelter,Black Sheep,Beer,Ale,500,ml,500,bottle,5.7,2.9,2.85,0.57
105,Black Sheep Velo,Black Sheep,Beer,Pale Ale,1,pint,568,draught,4.2,2.4,2.3856,0.42
106,Blackthorn Gold,Blackthorn,Cider,,440,ml,440,can,4.7,2.1,2.068,0.47
107,Blackthorn Gold,Blackthorn,Cider,,1,pint,568,draught,4.7,2.7,2.6696,0.47
108,Blind Pig Bourbon & Blueberry,Blind Pig,Cider,Fruit Cider,355,ml,355,bottle,5.5,2.0,1.9525,0.55
109,Blind Pig Whiskey Honey & Apple,Blind Pig,Cider,,355,ml,355,bottle,5.5,2.0,1.9525,0.55
110,Blue Moon,Blue Moon,Beer,Wheat Beer,330,ml,330,bottle,5.4,1.8,1.782,0.54
111,Blue Moon,Blue Moon,Beer,Wheat Beer,1,pint,568,draught,5.4,3.1,3.0672,0.54
112,Blue Point Toasted,Blue Point,Beer,Lager,1,pint,568,draught,5.5,3.1,3.124,0.55
113,Boddingtons,Boddingtons,Beer,Bitter,440,ml,440,can,3.8,1.7,1.672,0.38
114,Boddingtons,Boddingtons,Beer,Bitter,1,pint,568,draught,3.5,2.0,1.988,0.35
115,Bolee D'Armorique Cidre Brut,Bolee D'Armorique,Cider,,330,ml,330,bottle,5.0,1.7,1.65,0.5
116,Bombardier,Bombardier,Beer,Bitter,500,ml,500,bottle,4.7,2.4,2.35,0.47
117,Bombardier,Bombardier,Beer,Bitter,1,pint,568,draught,4.1,2.3,2.3288,0.41
118,Bombardier Burning Gold,Bombardier,Beer,Ale,1,pint,568,draught,4.1,2.3,2.3288,0.41
119,Bombardier Pale Ale,Bombardier,Beer,Pale Ale,1,pint,568,draught,3.6,2.0,2.0448,0.36
120,Bonkers Conkers,Greene King,Beer,,1,pint,568,draught,4.1,2.3,2.3288,0.41
121,Boulevard Single-Wide IPA,Boulevard,Beer,IPA,330,ml,330,bottle,5.7,1.9,1.881,0.57
122,Boulevard Tank7,Boulevard,Beer,Ale,330,ml,330,bottle,8.5,2.8,2.805,0.85
123,Boulveard Single-Wide IPA,Boulevard,Beer,IPA,1,pint,568,draught,5.7,3.2,3.2376,0.57
124,Brahma,Brahma,Beer,Lager,330,ml,330,bottle,4.3,1.4,1.419,0.43
125,Brahma,Brahma,Beer,Lager,1,pint,568,draught,4.3,2.4,2.4424,0.43
126,Brains Bitter Smooth,Brains,Beer,Bitter,1,pint,568,draught,3.7,2.1,2.1016,0.37
127,BrewDog 5AM Saint,BrewDog,Beer,Red Ale,330,ml,330,bottle,5.0,1.7,1.65,0.5
128,BrewDog Clockwork Tangerine,BrewDog,Beer,IPA,330,ml,330,can,4.5,1.5,1.485,0.45
129,BrewDog Clockwork Tangerine,BrewDog,Beer,IPA,1,pint,568,draught,4.5,2.6,2.556,0.45
130,BrewDog Dead Pony Club,BrewDog,Beer,Pale Ale,330,ml,330,bottle,3.8,1.3,1.254,0.38
131,BrewDog Dead Pony Club,BrewDog,Beer,Pale Ale,330,ml,330,can,3.8,1.3,1.254,0.38
132,BrewDog Dead Pony Club,BrewDog,Beer,Pale Ale,1,pint,568,draught,3.8,2.2,2.1584,0.38
133,BrewDog Electric India,BrewDog,Beer,IPA,330,ml,330,can,5.2,1.7,1.716,0.52
134,BrewDog Electric India,BrewDog,Beer,IPA,1,pint,568,draught,5.6,3.2,3.1808,0.56
135,BrewDog Elvis Juice,BrewDog,Beer,IPA,330,ml,330,bottle,6.5,2.1,2.145,0.65
136,BrewDog Elvis Juice,BrewDog,Beer,IPA,330,ml,330,can,6.5,2.1,2.145,0.65
137,BrewDog Elvis Juice,BrewDog,Beer,IPA,1,pint,568,draught,6.5,3.7,3.692,0.65
138,BrewDog Get Out Claus,BrewDog,Beer,Stout,330,ml,330,bottle,8.2,2.7,2.706,0.82
139,BrewDog Hoppy Christmas,BrewDog,Beer,IPA,330,ml,330,bottle,7.2,2.4,2.376,0.72
140,BrewDog Indie Pale Ale,BrewDog,Beer,Pale Ale,1,pint,568,draught,4.2,2.4,2.3856,0.42
141,Brewdog Jet Black Heart,BrewDog,Beer,Stout,330,ml,330,bottle,4.7,1.6,1.551,0.47
142,Brewdog Jet Black Heart,BrewDog,Beer,Stout,1,pint,568,draught,4.7,2.7,2.6696,0.47
143,BrewDog Kingpin Lager,BrewDog,Beer,Lager,330,ml,330,bottle,4.7,1.6,1.551,0.47
144,BrewDog Kingpin Lager,BrewDog,Beer,Lager,330,ml,330,can,4.7,1.6,1.551,0.47
145,BrewDog Kingpin Lager,BrewDog,Beer,Lager,1,pint,568,draught,4.7,2.7,2.6696,0.47
146,BrewDog Lost Lager,BrewDog,Beer,Lager,330,ml,330,bottle,4.7,1.6,1.551,0.47
147,BrewDog Lost Lager,BrewDog,Beer,Lager,1,pint,568,draught,4.7,2.7,2.6696,0.47
148,BrewDog Mistletoe Mafia,BrewDog,Beer,Lager,330,ml,330,bottle,4.5,1.5,1.485,0.45
149,BrewDog Nanny State,BrewDog,Beer,Ale,330,ml,330,bottle,0.5,0.2,0.165,0.05
150,BrewDog Punk IPA,BrewDog,Beer,IPA,330,ml,330,bottle,5.6,1.8,1.848,0.56
151,BrewDog Punk IPA,BrewDog,Beer,IPA,330,ml,330,can,5.6,1.8,1.848,0.56
152,BrewDog Santa Paws,BrewDog,Beer,Ale,330,ml,330,bottle,4.5,1.5,1.485,0.45
153,BrewDog Slot Machine,BrewDog,Beer,IPA,330,ml,330,can,5.2,1.7,1.716,0.52
154,BrewDog Slot Machine,BrewDog,Beer,IPA,1,pint,568,draught,5.2,3.0,2.9536,0.52
155,BrewDog Vagabond,BrewDog,Beer,Pale Ale,330,ml,330,bottle,4.5,1.5,1.485,0.45
156,BrewDog Zeitgeist,BrewDog,Beer,Lager,1,pint,568,draught,4.7,2.7,2.6696,0.47
157,BrewDog Zeitgeist Black Lager,BrewDog,Beer,Lager,330,ml,330,can,4.7,1.6,1.551,0.47
158,Brewgooder Clean Water Lager,Brewgooder,Beer,Lager,330,ml,330,bottle,4.5,1.5,1.485,0.45
159,Brewgooder Clean Water Lager,Brewgooder,Beer,Lager,330,ml,330,can,4.5,1.5,1.485,0.45
160,Brewgooder Clean Water Lager,Brewgooder,Beer,Lager,1,pint,568,draught,4.5,2.6,2.556,0.45
161,Brooklyn 1/2 Ale,Brooklyn,Beer,Ale,355,ml,355,bottle,3.4,1.2,1.207,0.34
162,Brooklyn Brown Ale,Brooklyn,Beer,Brown Ale,355,ml,355,bottle,5.6,2.0,1.988,0.56
163,Brooklyn Lager,Brooklyn,Beer,Lager,355,ml,355,bottle,5.2,1.8,1.846,0.52
164,Brooklyn Lager,Brooklyn,Beer,Lager,355,ml,355,can,5.2,1.8,1.846,0.52
165,Brooklyn Lager,Brooklyn,Beer,Lager,1,pint,568,draught,5.2,3.0,2.9536,0.52
166,Brooklyn Naranjito,Brooklyn,Beer,Pale Ale,355,ml,355,bottle,4.5,1.6,1.5975,0.45
167,Brooklyn Summer Ale,Brooklyn,Beer,Summer Ale,355,ml,355,bottle,5.0,1.8,1.775,0.5
168,Brothers Coconut & Lime,Brothers,Cider,Fruit Cider,500,ml,500,bottle,4.0,2.0,2.0,0.4
169,Brothers Pear Cider,Brothers,Cider,Perry,1,pint,568,draught,5.0,2.8,2.84,0.5
170,Brothers Rhubarb & Custard,Brothers,Cider,Fruit Cider,500,ml,500,bottle,4.0,2.0,2.0,0.4
171,Brothers Strawberry & Kiwi,Brothers,Cider,Fruit Cider,500,ml,500,bottle,4.0,2.0,2.0,0.4
172,Brothers Strawberry & Lime,Brothers,Cider,Fruit Cider,500,ml,500,bottle,4.0,2.0,2.0,0.4
173,Brothers Strawberry and Pear,Brothers,Cider,Fruit Cider,500,ml,500,bottle,4.0,2.0,2.0,0.4
174,Brothers Toffee Apple,Brothers,Cider,,500,ml,500,bottle,4.0,2.0,2.0,0.4
175,Brothers Wild Fruit,Brothers,Cider,Fruit Cider,500,ml,500,bottle,4.0,2.0,2.0,0.4
176,Bucket Of Blood,St Austell,Beer,Ale,1,pint,568,draught,4.5,2.6,2.556,0.45
177,Bud Light,Budweiser,Beer,Lager,300,ml,300,bottle,3.5,1.1,1.05,0.35
178,Bud Light,Budweiser,Beer,Lager,440,ml,440,can,3.5,1.5,1.54,0.35
179,Bud Light,Budweiser,Beer,Lager,1,pint,568,draught,3.5,2.0,1.988,0.35
180,Budweiser,Budweiser,Beer,Lager,473,ml,473,aluminium bottle,4.5,2.1,2.1285,0.45
181,Budweiser,Budweiser,Beer,Lager,330,ml,330,bottle,4.5,1.5,1.485,0.45
182,Budweiser,Budweiser,Beer,Lager,660,ml,660,bottle,4.5,3.0,2.97,0.45
183,Budweiser,Budweiser,Beer,Lager,440,ml,440,can,4.5,2.0,1.98,0.45
184,Budweiser,Budweiser,Beer,Lager,500,ml,500,can,4.5,2.3,2.25,0.45
185,Budweiser,Budweiser,Beer,Lager,1,pint,568,draught,4.5,2.6,2.556,0.45
186,Budweiser Budvar,Budweiser Budvar,Beer,Lager,500,ml,500,bottle,5.0,2.5,2.5,0.5
187,Budweiser Budvar,Budweiser Budvar,Beer,Lager,330,ml,330,bottle,5.0,1.7,1.65,0.5
188,Budweiser Budvar,Budweiser Budvar,Beer,Lager,330,ml,330,can,5.0,1.7,1.65,0.5
189,Budweiser Budvar,Budweiser Budvar,Beer,Lager,1,pint,568,draught,5.0,2.8,2.84,0.5
190,Budweiser Budvar B:FREE,Budweiser Budvar,Beer,Lager,330,ml,330,bottle,0.5,0.2,0.165,0.05
191,Budweiser Budvar Dark,Budweiser Budvar,Beer,Lager,500,ml,500,bottle,4.7,2.4,2.35,0.47
192,Budweiser Budvar Krausened,Budweiser Budvar,Beer,Lager,1,pint,568,draught,4.0,2.3,2.272,0.4
193,Budweiser Prohibition Brew,Budweiser,Beer,Lager,330,ml,330,can,0.0,0.0,0.0,0.0
194,Bulmers Blueberry and Lime,Bulmers,Cider,Fruit Cider,500,ml,500,bottle,4.0,2.0,2.0,0.4
195,Bulmers Crushed Red Berries & Lime,Bulmers,Cider,Fruit Cider,500,ml,500,bottle,4.0,2.0,2.0,0.4
196,Bulmers Orchard Pioneers Kier's Cloudy Apple,Bulmers,Cider,,500,ml,500,bottle,5.0,2.5,2.5,0.5
197,Bulmers Orchard Pioneers Sarah's Red Apple,Bulmers,Cider,,500,ml,500,bottle,5.0,2.5,2.5,0.5
198,Bulmers Original,Bulmers,Cider,,500,ml,500,bottle,4.5,2.3,2.25,0.45
199,Bulmers Pear,Bulmers,Cider,Perry,500,ml,500,bottle,4.5,2.3,2.25,0.45
200,Burning Kiss,Kissmeyer,Beer,Amber Ale,330,ml,330,bottle,5.5,1.8,1.815,0.55
201,Butcombe Bitter,Butcombe,Beer,Bitter,500,ml,500,bottle,4.5,2.3,2.25,0.45
202,Butcombe Bitter (Cask),Butcombe,Beer,Bitter,1,pint,568,draught,4.0,2.3,2.272,0.4
203,Butcombe Bitter (Keg),Butcombe,Beer,Bitter,1,pint,568,draught,4.5,2.6,2.556,0.45
204,Butcombe Gold,Butcombe,Beer,Bitter,500,ml,500,bottle,4.7,2.4,2.35,0.47
205,Butcombe Haka,Butcombe,Beer,Blonde Ale,1,pint,568,draught,4.5,2.6,2.556,0.45
206,By The Horns 2Tone London Lager,By The Horns,Beer,Lager,330,ml,330,bottle,4.5,1.5,1.485,0.45
207,By The Horns Stiff Upper Lip,By The Horns,Beer,Lager,330,ml,330,bottle,3.8,1.3,1.254,0.38
208,By The Horns Wolfie Smith,By The Horns,Beer,IPA,330,ml,330,bottle,5.2,1.7,1.716,0.52
209,Caesar Augustus,Williams Bros. Brewing Co.,Beer,Lager,500,ml,500,bottle,5.0,2.5,2.5,0.5
210,Caffrey's,Caffrey's,Beer,Ale,1,pint,568,draught,3.8,2.2,2.1584,0.38
211,Caledonia Best,Caledonia,Beer,Bitter,1,pint,568,draught,3.2,1.8,1.8176,0.32
212,Caledonian Three Hop,Caledonian,Beer,Lager,1,pint,568,draught,4.5,2.6,2.556,0.45
213,Camden Hells,Camden Town,Beer,Lager,330,ml,330,bottle,4.6,1.5,1.518,0.46
214,Camden Hells,Camden Town,Beer,Lager,330,ml,330,can,4.6,1.5,1.518,0.46
215,Camden Hells,Camden Town,Beer,Lager,1,pint,568,draught,4.6,2.6,2.6128,0.46
216,Camden Pale Ale,Camden Town,Beer,Pale Ale,330,ml,330,bottle,4.0,1.3,1.32,0.4
217,Camden Pale Ale,Camden Town,Beer,Pale Ale,330,ml,330,can,4.0,1.3,1.32,0.4
218,Camden Pale Ale,Camden Town,Beer,Pale Ale,1,pint,568,draught,4.0,2.3,2.272,0.4
219,Camerons Brewery Motorhead Road Crew,Camerons Brewery,Beer,Pale Ale,330,ml,330,bottle,5.0,1.7,1.65,0.5
220,Camerons Tontine Milk Stout,Camerons Brewery,Beer,Stout,330,ml,330,bottle,4.1,1.4,1.353,0.41
221,Caple Rd Cider,Caple Rd,Cider,,330,ml,330,can,5.2,1.7,1.716,0.52
222,Carling Cider,Carling,Cider,,1,pint,568,draught,4.5,2.6,2.556,0.45
223,Carling Lager,Carling,Beer,Lager,1,pint,568,draught,4.0,2.3,2.272,0.4
224,Carlsberg Export,Carlsberg,Beer,Lager,330,ml,330,bottle,4.8,1.6,1.584,0.48
225,Carlsberg Export,Carlsberg,Beer,Lager,1,pint,568,draught,4.8,2.7,2.7264,0.48
226,Carlsberg Lager,Carlsberg,Beer,Lager,330,ml,330,bottle,3.8,1.3,1.254,0.38
227,Carlsberg Lager,Carlsberg,Beer,Lager,1,pint,568,draught,3.8,2.2,2.1584,0.38
228,Carlsberg Special Brew,Carlsberg,Beer,Lager,275,ml,275,bottle,9.0,2.5,2.475,0.9
229,Carlsberg Zero,Carlsberg,Beer,Lager,275,ml,275,bottle,0.0,0.0,0.0,0.0
230,Celt Chieftain,Celt,Beer,IPA,330,ml,330,bottle,4.3,1.4,1.419,0.43
231,Celt House Lager,Celt,Beer,Lager,330,ml,330,bottle,5.0,1.7,1.65,0.5
232,Celt Pilsner,Celt,Beer,Lager,330,ml,330,bottle,5.0,1.7,1.65,0.5
233,Celt Silures,Celt,Beer,Golden Ale,330,ml,330,bottle,4.6,1.5,1.518,0.46
234,Celt Silures Munich Pale Ale,Celt,Beer,Pale Ale,330,ml,330,bottle,4.6,1.5,1.518,0.46
235,Ceriux Rubia,Ceriux,Beer,Ale,375,ml,375,bottle,5.4,2.0,2.025,0.54
236,Chang Classic Beer,Chang,Beer,Lager,320,ml,320,bottle,5.0,1.6,1.6,0.5
237,Charlie Wells Triple Hopped IPA,Charlie Wells,Beer,IPA,330,ml,330,bottle,5.2,1.7,1.716,0.52
238,Charlie Wells Triple Hopped IPA,Charlie Wells,Beer,IPA,1,pint,568,draught,5.2,3.0,2.9536,0.52
239,Chaumet Demi Sec,Chaumet,Cider,Perry,75,cl,750,bottle,5.5,4.1,4.125,0.55
240,Chelsea Blonde,The London Beer Factory,Beer,Blonde Ale,330,ml,330,bottle,4.3,1.4,1.419,0.43
241,Chelsea Blonde,The London Beer Factory,Beer,Blonde Ale,1,pint,568,draught,4.3,2.4,2.4424,0.43
242,Chimay Blue Trappist,Chimay,Beer,Lager,33,cl,330,bottle,9.0,3.0,2.97,0.9
243,Chimay Gold,Chimay,Beer,Lager,330,ml,330,bottle,4.8,1.6,1.584,0.48
244,Chimay Gold,Chimay,Beer,Lager,1,pint,568,draught,4.8,2.7,2.7264,0.48
245,Chimay Red,Chimay,Beer,Lager,33,cl,330,bottle,7.0,2.3,2.31,0.7
246,CiderBoys First Press Traditional Hard Cider,CiderBoys,Cider,,355,ml,355,bottle,5.0,1.8,1.775,0.5
247,CiderBoys First Press Traditional Hard Cider,CiderBoys,Cider,,355,ml,355,can,5.0,1.8,1.775,0.5
248,CiderBoys First Press Traditional Hard Cider,CiderBoys,Cider,,1,pint,568,draught,5.0,2.8,2.84,0.5
249,Cidersmiths Bristol Draught,Cidersmiths,Cider,,500,ml,500,bottle,5.5,2.8,2.75,0.55
250,Cidersmiths Harry Masters Jersey Craft Cider,Cidersmiths,Cider,,500,ml,500,bottle,4.5,2.3,2.25,0.45
251,Cidersmiths Harry Masters Jersey Craft Cider,Cidersmiths,Cider,,330,ml,330,can,4.5,1.5,1.485,0.45
252,Cidersmiths Harry Masters Jersey Craft Cider,Cidersmiths,Cider,,1,pint,568,draught,4.5,2.6,2.556,0.45
253,Cidersmiths SixPointSix Craft Cider,Cidersmiths,Cider,,500,ml,500,bottle,6.6,3.3,3.3,0.66
254,Cinque,Five Grain,Beer,Lager,330,ml,330,bottle,5.0,1.7,1.65,0.5
255,Cinque,Five Grain,Beer,Lager,1,pint,568,draught,5.0,2.8,2.84,0.5
256,Cobra,Cobra,Beer,Lager,330,ml,330,bottle,4.8,1.6,1.584,0.48
257,Cobra,Cobra,Beer,Lager,660,ml,660,bottle,4.8,3.2,3.168,0.48
258,Cobra,Cobra,Beer,Lager,1,pint,568,draught,4.3,2.4,2.4424,0.43
259,Cobra Zero,Cobra,Beer,Lager,330,ml,330,bottle,0.0,0.0,0.0,0.0
260,Collesi Ambrata,Collesi,Beer,Amber Ale,330,ml,330,bottle,7.5,2.5,2.475,0.75
261,Collesi Bionda,Collesi,Beer,Blonde Ale,330,ml,330,bottle,6.0,2.0,1.98,0.6
262,Collesi Rossa,Collesi,Beer,Red Ale,330,ml,330,bottle,8.0,2.6,2.64,0.8
263,Commonside Pale Ale,Belleville,Beer,Pale Ale,330,ml,330,can,5.0,1.7,1.65,0.5
264,Coopers Pale Ale,Coopers Brewery,Beer,Pale Ale,375,ml,375,bottle,4.5,1.7,1.6875,0.45
265,Coors Light,Coors,Beer,Lager,330,ml,330,bottle,4.0,1.3,1.32,0.4
266,Coors Light,Coors,Beer,Lager,500,ml,500,can,4.0,2.0,2.0,0.4
267,Coors Light,Coors,Beer,Lager,1,pint,568,draught,4.2,2.4,2.3856,0.42
268,Copse House Cider Landshire Medium,Copse House Cider,Cider,,500,ml,500,bottle,4.5,2.3,2.25,0.45
269,Copse House Cider Landshire Medium Dry,Copse House Cider,Cider,,500,ml,500,bottle,6.0,3.0,3.0,0.6
270,Cornish Orchards Blush,Cornish Orchards,Cider,,330,ml,330,bottle,4.0,1.3,1.32,0.4
271,Cornish Orchards Blush,Cornish Orchards,Cider,,500,ml,500,bottle,4.0,2.0,2.0,0.4
272,Cornish Orchards Blush,Cornish Orchards,Cider,Fruit Cider,1,pint,568,draught,4.0,2.3,2.272,0.4
273,Cornish Orchards Dry Cider,Cornish Orchards,Cider,,500,ml,500,bottle,5.2,2.6,2.6,0.52
274,Cornish Orchards Dry Cider,Cornish Orchards,Cider,,1,pint,568,draught,5.2,3.0,2.9536,0.52
275,Cornish Orchards Gold,Cornish Orchards,Cider,,500,ml,500,bottle,5.0,2.5,2.5,0.5
276,Cornish Orchards Gold,Cornish Orchards,Cider,,330,ml,330,bottle,4.0,1.3,1.32,0.4
277,Cornish Orchards Gold,Cornish Orchards,Cider,,1,pint,568,draught,4.5,2.6,2.556,0.45
278,Cornish Orchards Heritage Cider,Cornish Orchards,Cider,,500,ml,500,bottle,5.0,2.5,2.5,0.5
279,Cornish Orchards Keeper's Meadow,Cornish Orchards,Cider,,500,ml,500,bottle,4.0,2.0,2.0,0.4
280,Cornish Orchards Vintage Cider,Cornish Orchards,Cider,,500,ml,500,bottle,7.2,3.6,3.6,0.72
281,Corona Extra,Corona,Beer,Lager,355,ml,355,aluminium bottle,4.5,1.6,1.5975,0.45
282,Corona Extra,Corona,Beer,Lager,330,ml,330,bottle,4.5,1.5,1.485,0.45
283,Courage Best Bitter,Courage,Beer,Bitter,1,pint,568,draught,4.0,2.3,2.272,0.4
284,Courage Light Ale,Courage,Beer,Light Ale,275,ml,275,bottle,3.2,0.9,0.88,0.32
285,Crazy Mountain Amber Ale,Crazy Mountain,Beer,Amber Ale,355,ml,355,bottle,5.3,1.9,1.8815,0.53
286,Crazy Mountain Amber Ale,Crazy Mountain,Beer,Amber Ale,355,ml,355,can,5.3,1.9,1.8815,0.53
287,Crazy Mountain Creedence Pilsner,Crazy Mountain,Beer,Lager,355,ml,355,bottle,4.9,1.7,1.7395,0.49
288,Crazy Mountain Creedence Pilsner,Crazy Mountain,Beer,Lager,355,ml,355,can,4.8,1.7,1.704,0.48
289,Crazy Mountain Creedence Pilsner,Crazy Mountain,Beer,Lager,1,pint,568,draught,4.9,2.8,2.7832,0.49
290,Crazy Mountain Hookiebobb IPA,Crazy Mountain,Beer,IPA,355,ml,355,bottle,6.7,2.4,2.3785,0.67
291,Crazy Mountain Hookiebobb IPA,Crazy Mountain,Beer,IPA,355,ml,355,can,6.7,2.4,2.3785,0.67
292,Crazy Mountain Hookiebobb IPA,Crazy Mountain,Beer,IPA,1,pint,568,draught,6.7,3.8,3.8056,0.67
293,Crazy Mountain Mountain Livin' Pale Ale,Crazy Mountain,Beer,Pale Ale,355,ml,355,bottle,5.2,1.8,1.846,0.52
294,Crazy Mountain Mountain Livin' Pale Ale,Crazy Mountain,Beer,Pale Ale,355,ml,355,can,5.7,2.0,2.0235,0.57
295,Crazy Mountain Mountain Livin' Pale Ale,Crazy Mountain,Beer,Pale Ale,1,pint,568,draught,5.2,3.0,2.9536,0.52
296,Cubanisto Rum Beer,Cubanisto,Beer,Lager,330,ml,330,bottle,5.9,1.9,1.947,0.59
297,Curious Apple,Curious,Cider,,330,ml,330,bottle,5.2,1.7,1.716,0.52
298,Curious Apple,Curious,Cider,,330,ml,330,can,5.2,1.7,1.716,0.52
299,Curious Brew Lager,Curious,Beer,Lager,330,ml,330,bottle,4.7,1.6,1.551,0.47
300,Curious Brew Lager,Curious,Beer,Lager,330,ml,330,can,4.7,1.6,1.551,0.47
301,Curious Brew Lager,Curious,Beer,Lager,1,pint,568,draught,4.7,2.7,2.6696,0.47
302,Curious IPA,Curious,Beer,IPA,330,ml,330,bottle,5.6,1.8,1.848,0.56
303,Curious Porter,Curious,Beer,Porter,330,ml,330,bottle,5.0,1.7,1.65,0.5
304,Curious Session IPA,Curious Brewery,Beer,IPA,330,ml,330,bottle,4.4,1.5,1.452,0.44
305,Curious Session IPA,Curious,Beer,IPA,330,ml,330,can,4.4,1.5,1.452,0.44
306,Curious Session IPA,Curious,Beer,IPA,1,pint,568,draught,4.6,2.6,2.6128,0.46
307,Dark Star Hophead,Dark Star,Beer,Beer,1,pint,568,draught,3.8,2.2,2.1584,0.38
308,Daura Damm,Damm,Beer,Lager,330,ml,330,bottle,5.4,1.8,1.782,0.54
309,Daura Damm,Damm,Beer,Lager,330,ml,330,can,5.4,1.8,1.782,0.54
310,Daura Marzen,Damm,Beer,,330,ml,330,bottle,7.2,2.4,2.376,0.72
311,Day of the Dead Amber Ale,Day of the Dead,Beer,Amber Ale,330,ml,330,bottle,6.1,2.0,2.013,0.61
312,Day of the Dead Heffe,Day of the Dead,Beer,Wheat Beer,330,ml,330,bottle,5.4,1.8,1.782,0.54
313,Day of the Dead IPA,Day of the Dead,Beer,IPA,330,ml,330,bottle,6.8,2.2,2.244,0.68
314,Deeside Craft Lager,Deeside,Beer,Lager,1,pint,568,draught,4.1,2.3,2.3288,0.41
315,Deeside LAF,Deeside,Beer,Lager,500,ml,500,bottle,4.1,2.1,2.05,0.41
316,Desperados,Desperados,Beer,Lager,330,ml,330,bottle,5.9,1.9,1.947,0.59
317,Desperados,Desperados,Beer,Lager,330,ml,330,can,5.9,1.9,1.947,0.59
318,Desperados DOS,Desperados,Beer,Lager,250,ml,250,bottle,7.0,1.8,1.75,0.7
319,Desperados Red,Desperados,Beer,Lager,330,ml,330,bottle,5.9,1.9,1.947,0.59
320,Deuchars IPA,Caledonia,Beer,IPA,500,ml,500,bottle,4.4,2.2,2.2,0.44
321,Deuchars IPA,Caledonian Brewery,Beer,Beer,1,pint,568,draught,3.8,2.2,2.1584,0.38
322,Devassa,Devassa,Beer,Lager,355,ml,355,bottle,4.5,1.6,1.5975,0.45
323,Doom Bar,Sharp's,Beer,Amber Ale,500,ml,500,bottle,4.3,2.2,2.15,0.43
324,Doom Bar,Sharp's,Beer,Amber Ale,1,pint,568,draught,4.0,2.3,2.272,0.4
325,Dry Blackthorn,Blackthorn,Cider,,1,pint,568,draught,5.0,2.8,2.84,0.5
326,Drygate Ax Man Rye IPA,Drygate,Beer,IPA,500,ml,500,bottle,5.0,2.5,2.5,0.5
327,Drygate Bearface Lager,Drygate,Beer,Lager,500,ml,500,bottle,4.4,2.2,2.2,0.44
328,Drygate Bearface Lager,Drygate,Beer,Lager,1,pint,568,draught,4.4,2.5,2.4992,0.44
329,Drygate Chimera India Pale Lager,Drygate,Beer,IPA,330,ml,330,can,5.9,1.9,1.947,0.59
330,Drygate Crossing The Rubicon India Pale Ale,Drygate,Beer,IPA,330,ml,330,can,6.9,2.3,2.277,0.69
331,Drygate Disco Forklift Truck Mango Pale Ale,Drygate,Beer,Pale Ale,330,ml,330,can,5.1,1.7,1.683,0.51
332,Drygate Gladeye IPA,Drygate,Beer,IPA,500,ml,500,bottle,5.5,2.8,2.75,0.55
333,Drygate Orinoco Mocha Milk Stout,Drygate,Beer,Stout,330,ml,330,can,6.0,2.0,1.98,0.6
334,Drygate Outaspace Apple Ale,Drygate,Beer,Ale,500,ml,500,bottle,4.7,2.4,2.35,0.47
335,Duvel Belgian Ale,Duvel,Beer,Golden Ale,33,cl,330,bottle,8.5,2.8,2.805,0.85
336,Duvel Belgian Ale,Duvel,Beer,Golden Ale,1,pint,568,draught,6.8,3.9,3.8624,0.68
337,Duvel Tripel Hop,Duvel,Beer,Lager,330,ml,330,bottle,9.5,3.1,3.135,0.95
338,Edison British Pilsner,Electric Bear,Beer,Lager,1,pint,568,draught,4.8,2.7,2.7264,0.48
339,Einstok Pale Ale,Einstok,Beer,Pale Ale,330,ml,330,bottle,5.6,1.8,1.848,0.56
340,Einstok White Ale,Einstok,Beer,Wheat Beer,330,ml,330,bottle,5.2,1.7,1.716,0.52
341,Epic Brew,Wadworth,Beer,Blonde Ale,1,pint,568,draught,4.5,2.6,2.556,0.45
342,Erdinger Alkoholfrei,Erdinger,Beer,Wheat Beer,500,ml,500,bottle,0.0,0.0,0.0,0.0
343,Erdinger Urweisse,Erdinger,Beer,Wheat Beer,1,pint,568,draught,4.9,2.8,2.7832,0.49
344,Erdinger Weissbier,Erdinger,Beer,Wheat Beer,500,ml,500,bottle,5.3,2.7,2.65,0.53
345,Erdinger Weissbier,Erdinger,Beer,Wheat Beer,1,pint,568,draught,5.3,3.0,3.0104,0.53
346,Estrella Damm,Damm,Beer,Lager,330,ml,330,bottle,4.6,1.5,1.518,0.46
347,Estrella Damm,Damm,Beer,Lager,660,ml,660,bottle,4.6,3.0,3.036,0.46
348,Estrella Damm,Damm,Beer,Lager,330,ml,330,can,4.6,1.5,1.518,0.46
349,Estrella Damm,Damm,Beer,Lager,1,pint,568,draught,4.6,2.6,2.6128,0.46
350,Estrella Galicia,Estrella Galicia,Beer,Lager,330,ml,330,bottle,4.7,1.6,1.551,0.47
351,Estrella Galicia,Estrella Galicia,Beer,Lager,1,pint,568,draught,4.7,2.7,2.6696,0.47
352,Estrella Galicia Alcohol Free,Estrella Galicia,Beer,Lager,250,ml,250,bottle,0.0,0.0,0.0,0.0
353,Estrella Galicia Cans,Estrella Galicia,Beer,Lager,330,ml,330,can,4.7,1.6,1.551,0.47
354,Estrella Galicia Gluten Free,Estrella Galicia,Beer,Lager,330,ml,330,bottle,5.5,1.8,1.815,0.55
355,Family Reserve English Sparkling Apple Wine,Thatchers,Cider,Apple Wine,75,cl,750,bottle,11.2,8.4,8.4,1.12
356,Festival Ale,Greene King,Beer,Ale,1,pint,568,draught,4.1,2.3,2.3288,0.41
357,Festivity,Bath Ales,Beer,Porter,1,pint,568,draught,5.0,2.8,2.84,0.5
358,Fireside,Greene King,Beer,Winter Ale,1,pint,568,draught,4.5,2.6,2.556,0.45
359,Fizzecco Sparkling Perry,Fizzecco,Cider,Perry,75,cl,750,bottle,5.5,4.1,4.125,0.55
360,Flowers Best Bitter,Flowers,Beer,Bitter,1,pint,568,draught,3.3,1.9,1.8744,0.33
361,Flying Dog Doggie Style Pale Ale,Flying Dog,Beer,Pale Ale,355,ml,355,bottle,5.5,2.0,1.9525,0.55
362,Flying Dog Easy IPA,Flying Dog,Beer,IPA,355,ml,355,can,4.7,1.7,1.6685,0.47
363,Flying Dog Easy IPA,Flying Dog,Beer,IPA,1,pint,568,draught,4.7,2.7,2.6696,0.47
364,Flying Dog Snake Dog IPA,Flying Dog,Beer,IPA,355,ml,355,bottle,7.1,2.5,2.5205,0.71
365,Flying Dog Snake Dog IPA,Flying Dog,Beer,IPA,355,ml,355,can,7.1,2.5,2.5205,0.71
366,Flying Scotsman,Caledonian,Beer,Bitter,1,pint,568,draught,4.0,2.3,2.272,0.4
367,Foster's Gold,Foster's,Beer,Lager,300,ml,300,bottle,4.3,1.3,1.29,0.43
368,Foster's Lager,Foster's,Beer,Lager,275,ml,275,bottle,4.0,1.1,1.1,0.4
369,Foster's Lager,Foster's,Beer,Lager,1,pint,568,draught,4.0,2.3,2.272,0.4
370,Founders All Day IPA,Founders,Beer,IPA,355,ml,355,bottle,4.7,1.7,1.6685,0.47
371,Founders All Day IPA,Founders,Beer,IPA,1,pint,568,draught,4.7,2.7,2.6696,0.47
372,Fourpure American Pale Ale,Fourpure,Beer,Pale Ale,330,ml,330,can,5.0,1.7,1.65,0.5
373,Fourpure Easy Peeler,Fourpure,Beer,IPA,330,ml,330,can,4.0,1.3,1.32,0.4
374,Fourpure Easy Peeler,Fourpure,Beer,IPA,1,pint,568,draught,4.0,2.3,2.272,0.4
375,Fourpure Juicebox,Fourpure,Beer,IPA,330,ml,330,can,5.9,1.9,1.947,0.59
376,Fourpure Oatmeal Stout,Fourpure,Beer,Stout,330,ml,330,can,5.1,1.7,1.683,0.51
377,Fourpure Pils,Fourpure,Beer,Lager,330,ml,330,can,4.7,1.6,1.551,0.47
378,Fourpure Pils Lager,Fourpure,Beer,Lager,1,pint,568,draught,4.2,2.4,2.3856,0.42
379,Fourpure Session IPA,Fourpure,Beer,IPA,330,ml,330,can,4.2,1.4,1.386,0.42
380,Fourpure Session IPA,Fourpure,Beer,IPA,1,pint,568,draught,4.2,2.4,2.3856,0.42
381,Fourpure Shape Shifter,Fourpure,Beer,IPA,330,ml,330,can,5.9,1.9,1.947,0.59
382,Franciscan Well Chieftain IPA,Franciscan Well,Beer,IPA,1,pint,568,draught,5.5,3.1,3.124,0.55
383,Franciscan Well Friar Weisse,Franciscan Well,Beer,Wheat Beer,1,pint,568,draught,4.7,2.7,2.6696,0.47
384,Franciscan Well Rebel Red,Franciscan Well,Beer,Red Ale,1,pint,568,draught,4.3,2.4,2.4424,0.43
385,Franciscan Well Shandon Stout,Franciscan Well,Beer,Stout,1,pint,568,draught,4.3,2.4,2.4424,0.43
386,Franziskaner Heffe Weissbier,Franziskaner,Beer,Wheat Beer,1,pint,568,draught,5.0,2.8,2.84,0.5
387,Free Damm,Damm,Beer,Lager,330,ml,330,can,0.0,0.0,0.0,0.0
388,Freedom Amber,Freedom Brewery,Beer,Rye Beer,1,pint,568,draught,4.7,2.7,2.6696,0.47
389,Freedom Four Lager,Freedom Brewery,Beer,Lager,330,ml,330,bottle,4.0,1.3,1.32,0.4
390,Freedom Four Lager,Freedom Brewery,Beer,Lager,1,pint,568,draught,4.0,2.3,2.272,0.4
391,Freedom Organic Helles Lager,Freedom Brewery,Beer,Lager,330,ml,330,bottle,4.8,1.6,1.584,0.48
392,Freedom Organic Helles Lager,Freedom Brewery,Beer,Lager,1,pint,568,draught,4.8,2.7,2.7264,0.48
393,Freedom Pale Ale,Freedom Brewery,Beer,Pale Ale,330,ml,330,bottle,4.2,1.4,1.386,0.42
394,Freedom Pale Ale,Freedom Brewery,Beer,Pale Ale,1,pint,568,draught,4.2,2.4,2.3856,0.42
395,Freedom Pils,Freedom Brewery,Beer,Lager,330,ml,330,bottle,4.4,1.5,1.452,0.44
396,Freedom Pils,Freedom Brewery,Beer,Lager,1,pint,568,draught,4.4,2.5,2.4992,0.44
397,Friels First Press Vintage Cider,Friels,Cider,,1,pint,568,draught,7.4,4.2,4.2032,0.74
398,Friels Hop Infused Vintage Cider,Friels,Cider,,330,ml,330,can,4.0,1.3,1.32,0.4
399,Friels Vintage First Press Cider ,Friels,Cider,,330,ml,330,can,7.4,2.4,2.442,0.74
400,Frontier Craft Lager,Fuller's,Beer,Lager,330,ml,330,bottle,4.5,1.5,1.485,0.45
401,Frontier Craft Lager,Fuller's,Beer,Lager,330,ml,330,can,4.5,1.5,1.485,0.45
402,Fruli Strawberry Beer,Fruli,Beer,Fruit Beer,330,ml,330,bottle,4.1,1.4,1.353,0.41
403,Fruli Strawberry Beer,Fruli,Beer,Fruit Beer,1,pint,568,draught,4.1,2.3,2.3288,0.41
404,Fuller's Frontier,Fuller's,Beer,Lager,1,pint,568,draught,4.5,2.6,2.556,0.45
405,Fuller's Organic Honey Dew,Fuller's,Beer,Blonde Ale,500,ml,500,bottle,5.0,2.5,2.5,0.5
406,Furstenberg Premium,Furstenberg,Beer,Lager,500,ml,500,bottle,5.3,2.7,2.65,0.53
407,Fyne Ales Jarl,Fyne Ales,Beer,Blonde Ale,1,pint,568,draught,3.8,2.2,2.1584,0.38
408,Fyne Ales Sandra Blonde,Fyne Ales,Beer,IPA,1,pint,568,draught,5.5,3.1,3.124,0.55
409,Gaymers Original Apple Cider,Gaymers,Cider,,1,pint,568,draught,4.5,2.6,2.556,0.45
410,Gold Label,Whitbread,Beer,Barley Wine,330,ml,330,bottle,7.5,2.5,2.475,0.75
411,Golden Sheep,Black Sheep,Beer,Blonde Ale,1,pint,568,draught,3.9,2.2,2.2152,0.39
412,Goose Island 312,Goose Island,Beer,Wheat Beer,355,ml,355,bottle,4.2,1.5,1.491,0.42
413,Goose Island 312,Goose Island,Beer,Wheat Beer,355,ml,355,can,4.2,1.5,1.491,0.42
414,Goose Island 312,Goose Island,Beer,Wheat Beer,1,pint,568,draught,4.2,2.4,2.3856,0.42
415,Goose Island Four Star Pils,Goose Island,Beer,Lager,1,pint,568,draught,5.1,2.9,2.8968,0.51
416,Goose Island Green Line Pale Ale,Goose Island,Beer,Pale Ale,1,pint,568,draught,5.4,3.1,3.0672,0.54
417,Goose Island Honkers Ale,Goose Island,Beer,Ale,355,ml,355,bottle,4.3,1.5,1.5265,0.43
418,Goose Island Honkers Ale,Goose Island,Beer,Ale,1,pint,568,draught,4.3,2.4,2.4424,0.43
419,Goose Island IPA,Goose Island,Beer,IPA,355,ml,355,bottle,5.9,2.1,2.0945,0.59
420,Goose Island IPA,Goose Island,Beer,IPA,355,ml,355,can,5.9,2.1,2.0945,0.59
421,Goose Island IPA,Goose Island,Beer,IPA,1,pint,568,draught,5.9,3.4,3.3512,0.59
422,Goose Island Midway IPA ,Goose Island,Beer,IPA,1,pint,568,draught,4.1,2.3,2.3288,0.41
423,Goose Island Midway Session IPA,Goose Island,Beer,IPA,330,ml,330,can,4.1,1.4,1.353,0.41
424,Goram,Butcombe,Beer,IPA,500,ml,500,bottle,5.0,2.5,2.5,0.5
425,Grapefruit IPA,TailGate,Beer,IPA,355,ml,355,can,6.2,2.2,2.201,0.62
426,Greene King IPA,Greene King,Beer,IPA,1,pint,568,draught,3.6,2.0,2.0448,0.36
427,Greene King Light Ale,Greene King,Beer,Light Ale,275,ml,275,bottle,3.0,0.8,0.825,0.3
428,Greene King One Stop Hop,Greene King,Beer,Pale Ale,1,pint,568,draught,4.3,2.4,2.4424,0.43
429,Greene King Rocking Rudolph,Greene King,Beer,Winter Ale,1,pint,568,draught,4.2,2.4,2.3856,0.42
430,Greene King Scrum Down,Greene King,Beer,IPA,1,pint,568,draught,4.1,2.3,2.3288,0.41
431,Grolsch,Grolsch,Beer,Lager,450,ml,450,bottle,5.0,2.3,2.25,0.5
432,Grolsch,Grolsch,Beer,Lager,1,pint,568,draught,5.0,2.8,2.84,0.5
433,Grolsch Blond,Grolsch,Beer,Lager,1,pint,568,draught,4.0,2.3,2.272,0.4
434,Guinness,Guinness,Beer,Stout,440,ml,440,can,4.1,1.8,1.804,0.41
435,Guinness,Guinness,Beer,Stout,1,pint,568,draught,4.1,2.3,2.3288,0.41
436,Guinness Dublin Porter,Guinness,Beer,Porter,500,ml,500,bottle,3.8,1.9,1.9,0.38
437,Guinness Foreign Extra Stout,Guinness,Beer,Stout,330,ml,330,bottle,7.5,2.5,2.475,0.75
438,Guinness Golden Ale,Guinness,Beer,Blonde Ale,500,ml,500,bottle,4.5,2.3,2.25,0.45
439,Guinness Golden Ale,Guinness,Beer,Blonde Ale,1,pint,568,draught,4.1,2.3,2.3288,0.41
440,Guinness Original Extra Stout,Guinness,Beer,Stout,330,ml,330,bottle,4.2,1.4,1.386,0.42
441,Guinness Rye Pale Ale,Guinness,Beer,Pale Ale,500,ml,500,bottle,5.0,2.5,2.5,0.5
442,Guinness West Indies Porter,Guinness,Beer,Porter,500,ml,500,bottle,6.0,3.0,3.0,0.6
443,Gun Brewery Project Babylon,Gun Brewery,Beer,Pale Ale,330,ml,330,can,4.6,1.5,1.518,0.46
444,Hardywood Gingerbread Stout,Hardywood,Beer,Stout,500,ml,500,bottle,9.2,4.6,4.6,0.92
445,Hardywood Gingerbread Stout,Hardywood,Beer,Stout,750,ml,750,bottle,9.2,6.9,6.9,0.92
446,Hardywood Great Return West Coast IPA,Hardywood,Beer,IPA,473,ml,473,can,7.5,3.5,3.5475,0.75
447,Hardywood Pilsner,Hardywood,Beer,Lager,355,ml,355,bottle,5.2,1.8,1.846,0.52
448,Hardywood Singel,Hardywood,Beer,Blonde Ale,355,ml,355,bottle,6.2,2.2,2.201,0.62
449,Hardywood VIPA,Hardywood,Beer,IPA,355,ml,355,bottle,5.2,1.8,1.846,0.52
450,Harveistoun Old Engine Oil,Harviestoun,Beer,Dark Ale,1,pint,568,draught,6.0,3.4,3.408,0.6
451,Harvest Moon,St Austell,Beer,Pale Ale,1,pint,568,draught,4.3,2.4,2.4424,0.43
452,Harviestoun & Twisted,Harviestoun,Beer,Golden Ale,1,pint,568,draught,4.2,2.4,2.3856,0.42
453,Harviestoun Bitter & Twisted,Harviestoun,Beer,Golden Ale,330,ml,330,bottle,4.2,1.4,1.386,0.42
454,Harviestoun Broken Dial,Harviestoun,Beer,Amber Ale,330,ml,330,bottle,4.5,1.5,1.485,0.45
455,Harviestoun Cast Iron Amber Ale,Harviestoun,Beer,Amber Ale,330,ml,330,bottle,4.5,1.5,1.485,0.45
456,Harviestoun Forth Craft Lager,Harviestoun,Beer,Lager,330,ml,330,bottle,4.0,1.3,1.32,0.4
457,Harviestoun Nitro Engine Oil,Harviestoun,Beer,Stout,1,pint,568,draught,4.5,2.6,2.556,0.45
458,Harviestoun Ola Dubh 12 Year Old,Harviestoun,Beer,Ale,330,ml,330,bottle,8.0,2.6,2.64,0.8
459,Harviestoun Old Engine Oil,Harviestoun,Beer,Dark Ale,330,ml,330,bottle,6.0,2.0,1.98,0.6
460,Harviestoun Pale,Harviestoun,Beer,Golden Ale,330,ml,330,bottle,3.5,1.2,1.155,0.35
461,Harviestoun Schiehallion,Harviestoun,Beer,Lager,330,ml,330,bottle,4.8,1.6,1.584,0.48
462,Harviestoun Schiehallion,Harviestoun,Beer,Lager,1,pint,568,draught,4.8,2.7,2.7264,0.48
463,Hawkshead Lager,Hawkshead,Beer,Lager,330,ml,330,bottle,5.0,1.7,1.65,0.5
464,Hawkshead Session IPA,Hawkshead,Beer,IPA,1,pint,568,draught,4.7,2.7,2.6696,0.47
465,Hawkshead Windemere Pale,Hawkshead,Beer,Pale Ale,330,ml,330,bottle,3.5,1.2,1.155,0.35
466,Hazey Daze,The London Beer Factory,Beer,IPA,330,ml,330,can,4.6,1.5,1.518,0.46
467,Hazey Daze,The London Beer Factory,Beer,IPA,1,pint,568,draught,4.6,2.6,2.6128,0.46
468,Heineken,Heineken,Beer,Lager,330,ml,330,bottle,5.0,1.7,1.65,0.5
469,Heineken,Heineken,Beer,Lager,330,ml,330,can,5.0,1.7,1.65,0.5
470,Heineken,Heineken,Beer,Lager,1,pint,568,draught,5.0,2.8,2.84,0.5
471,Heineken 0.0,Heineken,Beer,Lager,330,ml,330,bottle,0.0,0.0,0.0,0.0
472,Help The Heroes,Marston's,Beer,Ale,1,pint,568,draught,4.2,2.4,2.3856,0.42
473,Henry Westons Country Perry,Westons,Cider,Perry,1,pint,568,draught,4.5,2.6,2.556,0.45
474,Henry Westons Medium Dry,Westons,Cider,,500,ml,500,bottle,6.5,3.3,3.25,0.65
475,Henry Westons Mulled Cider,Westons,Cider,Mulled Cider,1,pint,568,draught,4.0,2.3,2.272,0.4
476,Herrljunga Apple Cider,Herrljunga,Cider,,500,ml,500,bottle,4.5,2.3,2.25,0.45
477,Herrljunga Blackcurrant & Lime,Herrljunga,Cider,Fruit Cider,500,ml,500,bottle,4.0,2.0,2.0,0.4
478,Herrljunga Ginger & Lemon,Herrljunga,Cider,Fruit Cider,500,ml,500,bottle,4.0,2.0,2.0,0.4
479,Herrljunga Pear Cider,Herrljunga,Cider,Perry,500,ml,500,bottle,4.5,2.3,2.25,0.45
480,Herrljunga Strawberry & Vanilla,Herrljunga,Cider,Fruit Cider,500,ml,500,bottle,4.0,2.0,2.0,0.4
481,Heverlee,Heverlee,Beer,Lager,330,ml,330,can,4.8,1.6,1.584,0.48
482,Heverlee,Heverlee,Beer,Lager,1,pint,568,draught,4.8,2.7,2.7264,0.48
483,Higson's Amber Ale,Higson's,Beer,Amber Ale,1,pint,568,draught,4.1,2.3,2.3288,0.41
484,Higson's Pale Ale,Higson's,Beer,Pale Ale,1,pint,568,draught,3.8,2.2,2.1584,0.38
485,Hitachino Nest Red Rice Ale,Hitachino,Beer,Ale,330,ml,330,bottle,7.0,2.3,2.31,0.7
486,Hitachino Nest White Ale,Hitachino,Beer,Wheat Beer,330,ml,330,bottle,5.5,1.8,1.815,0.55
487,Hobgoblin,Wychwood,Beer,Ale,500,ml,500,bottle,5.2,2.6,2.6,0.52
488,Hobgoblin Gold,Wychwood,Beer,Golden Ale,500,ml,500,bottle,4.5,2.3,2.25,0.45
489,Hobgoblin Gold,Wychwood,Beer,Ale,1,pint,568,draught,4.2,2.4,2.3856,0.42
490,Hobgoblin Ruby,Wychwood,Beer,Ale,1,pint,568,draught,4.5,2.6,2.556,0.45
491,Hoegaarden,Hoegaarden,Beer,Wheat Beer,330,ml,330,bottle,5.0,1.7,1.65,0.5
492,Hoegaarden,Hoegaarden,Beer,Wheat Beer,1,pint,568,draught,4.8,2.7,2.7264,0.48
493,Hog Island Pale Ale,Shepherd Neame,Beer,Pale Ale,1,pint,568,draught,4.8,2.7,2.7264,0.48
494,Hogs Back Chocolate Lager,Hogs Back,Beer,Lager,330,ml,330,bottle,4.5,1.5,1.485,0.45
495,Holsten Pils,Holsten,Beer,Lager,275,ml,275,bottle,5.0,1.4,1.375,0.5
496,Hooky,Hook Norton Brewery,Beer,Bitter,1,pint,568,draught,3.5,2.0,1.988,0.35
497,Hooky Lion,Hook Norton Brewery,Beer,,1,pint,568,draught,4.0,2.3,2.272,0.4
498,Hop House 13,Guinness,Beer,Lager,330,ml,330,bottle,5.0,1.7,1.65,0.5
499,Hop House 13,Guinness,Beer,Lager,330,ml,330,can,5.0,1.7,1.65,0.5
500,Hop House 13,Guinness,Beer,Lager,1,pint,568,draught,5.0,2.8,2.84,0.5
501,Indian Runner Golden Ale,Indian Runner,Beer,Golden Ale,50,cl,500,bottle,4.7,2.4,2.35,0.47
502,Indian Runner Golden Ale,Indian Runner,Beer,Golden Ale,1,pint,568,draught,4.5,2.6,2.556,0.45
503,Indian Runner India Pale Ale,Indian Runner,Beer,IPA,500,ml,500,bottle,4.9,2.5,2.45,0.49
504,Indian Runner India Pale Ale,Indian Runner,Beer,IPA,1,pint,568,draught,4.9,2.8,2.7832,0.49
505,Inedit Damm,Damm,Beer,Lager,750,ml,750,bottle,4.8,3.6,3.6,0.48
506,Inedit Damm,Damm,Beer,Lager,330,ml,330,bottle,4.8,1.6,1.584,0.48
507,Inedit Damm,Damm,Beer,Lager,1,pint,568,draught,4.8,2.7,2.7264,0.48
508,Innis & Gunn Blood Red Sky,Innis & Gunn,Beer,Lager,330,ml,330,bottle,6.8,2.2,2.244,0.68
509,Innis & Gunn Blood Red Sky,Innis & Gunn,Beer,Red Ale,1,pint,568,draught,5.2,3.0,2.9536,0.52
510,Innis & Gunn Gunnpowder IPA,Innis & Gunn,Beer,IPA,330,ml,330,bottle,5.6,1.8,1.848,0.56
511,Innis & Gunn Gunnpowder IPA,Innis & Gunn,Beer,IPA,330,ml,330,can,5.6,1.8,1.848,0.56
512,Innis & Gunn Gunnpowder IPA,Innis & Gunn,Beer,IPA,1,pint,568,draught,5.6,3.2,3.1808,0.56
513,Innis & Gunn Lager,Innis & Gunn,Beer,Lager,330,ml,330,bottle,4.6,1.5,1.518,0.46
514,Innis & Gunn Lager,Innis & Gunn,Beer,Lager,330,ml,330,can,4.6,1.5,1.518,0.46
515,Innis & Gunn Lager,Innis & Gunn,Beer,Lager,440,ml,440,can,4.6,2.0,2.024,0.46
516,Innis & Gunn Lager,Innis & Gunn,Beer,Lager,1,pint,568,draught,4.6,2.6,2.6128,0.46
517,Innis & Gunn Session IPA,Innis & Gunn,Beer,IPA,330,ml,330,can,4.6,1.5,1.518,0.46
518,Innis & Gunn Session IPA,Innis & Gunn,Beer,IPA,1,pint,568,draught,4.2,2.4,2.3856,0.42
519,Innis & Gunn The Original,Innis & Gunn,Beer,Ale,330,ml,330,bottle,6.6,2.2,2.178,0.66
520,Innis & Gunn The Original,Innis & Gunn,Beer,Ale,330,ml,330,can,6.6,2.2,2.178,0.66
521,Innis & Gunn The Original,Innis & Gunn,Beer,Ale,1,pint,568,draught,5.2,3.0,2.9536,0.52
522,Innis & None,Innis & Gunn,Beer,Pale Ale,330,ml,330,can,0.0,0.0,0.0,0.0
523,Island Records Jamaican Porter,Island Records,Beer,Porter,330,ml,330,can,6.2,2.0,2.046,0.62
524,Island Records Rocksteady Pilsner,Island Records,Beer,Lager,330,ml,330,can,4.0,1.3,1.32,0.4
525,Island Records Rocksteady Pilsner,Island Records,Beer,Lager,1,pint,568,draught,4.0,2.3,2.272,0.4
526,Island Records Session IPA,Island Records,Beer,IPA,330,ml,330,can,4.5,1.5,1.485,0.45
527,Island Records Session IPA,Island Records,Beer,IPA,1,pint,568,draught,4.5,2.6,2.556,0.45
528,Jack Daniels Tennessee Cider,Jack Daniels,Cider,,330,ml,330,bottle,5.5,1.8,1.815,0.55
529,Jaipur,Thornbridge,Beer,IPA,1,pint,568,draught,5.9,3.4,3.3512,0.59
530,Jennings Clean Slate,Jennings,Beer,,1,pint,568,draught,4.0,2.3,2.272,0.4
531,Jennings Cumberland Ale,Jennings,Beer,Golden Ale,500,ml,500,bottle,4.7,2.4,2.35,0.47
532,John Smith's Bitter,John Smith's,Beer,Bitter,1,pint,568,draught,3.8,2.2,2.1584,0.38
533,John Smith's Extra Smooth Biiter,John Smith's,Beer,Bitter,440,ml,440,can,3.6,1.6,1.584,0.36
534,John Smith's Extra Smooth Bitter,John Smith's,Beer,Bitter,1,pint,568,draught,3.6,2.0,2.0448,0.36
535,Joker IPA,Williams Bros. Brewing Co.,Beer,IPA,500,ml,500,bottle,5.0,2.5,2.5,0.5
536,Kaliber Alcohol Free Lager,Kaliber,Beer,Lager,330,ml,330,bottle,0.1,0.0,0.033,0.01
537,Kentish Pip Skylark Sparkling Cider,Kentish Pip,Cider,,330,ml,330,can,5.5,1.8,1.815,0.55
538,Kentish Pip Wild Summer Elderflower Cider,Kentish Pip,Cider,,330,ml,330,can,4.0,1.3,1.32,0.4
539,Kingfisher,Kingfisher,Beer,Lager,330,ml,330,bottle,4.8,1.6,1.584,0.48
540,Kingfisher,Kingfisher,Beer,Lager,650,ml,650,bottle,4.8,3.1,3.12,0.48
541,Kingfisher,Kingfisher,Beer,Lager,1,pint,568,draught,4.5,2.6,2.556,0.45
542,Kinrise Bright Lager,Open Gate,Beer,Lager,1,pint,568,draught,4.0,2.3,2.272,0.4
543,Kirin Ichiban,Kirin,Beer,Lager,330,ml,330,bottle,4.6,1.5,1.518,0.46
544,Kirin Ichiban,Kirin,Beer,Lager,1,pint,568,draught,4.6,2.6,2.6128,0.46
545,Kissmeyer Eagle Kiss,Kissmeyer,Beer,IPA,330,ml,330,bottle,4.2,1.4,1.386,0.42
546,Kissmeyer Easy Kiss,Kissmeyer,Beer,Pale Ale,330,ml,330,bottle,5.5,1.8,1.815,0.55
547,Kissmeyer Eclipsed Kiss,Kissmeyer,Beer,Stout,330,ml,330,bottle,7.7,2.5,2.541,0.77
548,Kissmeyer Into the Black,Kissmeyer,Beer,IPA,330,ml,330,bottle,7.0,2.3,2.31,0.7
549,Kissmeyer Stocholm Syndrome,Kissmeyer,Beer,IPA,330,ml,330,bottle,9.5,3.1,3.135,0.95
550,Kissmeyer Strange Fruit Tripel,Kissmeyer,Beer,Lager,330,ml,330,bottle,9.5,3.1,3.135,0.95
551,Kissmeyer Young Lust Belgian Blonde,Kissmeyer,Beer,Lager,330,ml,330,bottle,6.0,2.0,1.98,0.6
552,Knights Malvern Gold,Knights,Cider,,1,pint,568,draught,6.0,3.4,3.408,0.6
553,Knowle Spring Blonde,Timothy Taylor's,Beer,Blonde Ale,1,pint,568,draught,4.2,2.4,2.3856,0.42
554,Kopparberg Black,Kopparberg,Cider,Fruit Cider,1,pint,568,draught,4.0,2.3,2.272,0.4
555,Kopparberg Blueberry & Lime,Kopparberg,Cider,Fruit Cider,500,ml,500,bottle,4.0,2.0,2.0,0.4
556,Kopparberg Elderflower & Lime,Kopparberg,Cider,Fruit Cider,500,ml,500,bottle,4.0,2.0,2.0,0.4
557,Kopparberg Mixed Fruit,Kopparberg,Cider,Fruit Cider,500,ml,500,bottle,4.0,2.0,2.0,0.4
558,Kopparberg Mixed Fruits Non Alcoholic,Kopparberg,Cider,Fruit Cider,500,ml,500,bottle,0.0,0.0,0.0,0.0
559,Kopparberg Naked Apple,Kopparberg,Cider,,500,ml,500,bottle,4.5,2.3,2.25,0.45
560,Kopparberg Nordic Berry,Kopparberg,Cider,Fruit Cider,500,ml,500,bottle,4.0,2.0,2.0,0.4
561,Kopparberg Pear Cider,Kopparberg,Cider,Perry,500,ml,500,bottle,4.5,2.3,2.25,0.45
562,Kopparberg Raspberry,Kopparberg,Cider,Fruit Cider,500,ml,500,bottle,4.0,2.0,2.0,0.4
563,Kopparberg Strawberry & Lime,Kopparberg,Cider,Fruit Cider,500,ml,500,bottle,4.0,2.0,2.0,0.4
564,Kopparberg Strawberry & Lime Non Alcoholic,Kopparberg,Cider,Fruit Cider,500,ml,500,bottle,0.0,0.0,0.0,0.0
565,Kozel,Kozel,Beer,Lager,1,pint,568,draught,4.0,2.3,2.272,0.4
566,Krombacher Low Alcohol Pils,Krombacher,Beer,Lager,330,ml,330,bottle,0.5,0.2,0.165,0.05
567,Krombacher Pils,Krombacher,Beer,Lager,330,ml,330,bottle,4.8,1.6,1.584,0.48
568,Krombacher Pils,Krombacher,Beer,Lager,1,pint,568,draught,4.8,2.7,2.7264,0.48
569,Kronenbourg 1664,Kronenbourg,Beer,Lager,275,ml,275,bottle,5.0,1.4,1.375,0.5
570,Kronenbourg 1664,Kronenbourg,Beer,Lager,1,pint,568,draught,5.0,2.8,2.84,0.5
571,Krusovice Imperial,Krusovice,Beer,Lager,330,ml,330,bottle,5.0,1.7,1.65,0.5
572,Krusovice Imperial,Krusovice,Beer,Lager,1,pint,568,draught,5.0,2.8,2.84,0.5
573,Kwak,Kwak,Beer,Lager,330,ml,330,bottle,8.4,2.8,2.772,0.84
574,La Chouette,La Chouette,Cider,,330,ml,330,bottle,4.5,1.5,1.485,0.45
575,La Chouffe Blonde,La Chouffe,Beer,Lager,330,ml,330,bottle,8.0,2.6,2.64,0.8
576,La Chouffe Blonde,La Chouffe,Beer,Lager,1,pint,568,draught,8.0,4.5,4.544,0.8
577,Lagunitas 12th of Never,Lagunitas,Beer,Ale,355,ml,355,can,5.5,2.0,1.9525,0.55
578,Lagunitas 12th of Never,Lagunitas,Beer,Ale,1,pint,568,draught,5.5,3.1,3.124,0.55
579,Lagunitas DayTime,Lagunitas,Beer,IPA,355,ml,355,bottle,4.6,1.6,1.633,0.46
580,Lagunitas IPA,Lagunitas,Beer,IPA,355,ml,355,bottle,6.2,2.2,2.201,0.62
581,Lagunitas IPA,Lagunitas,Beer,IPA,1,pint,568,draught,5.5,3.1,3.124,0.55
582,Lal Toofan,Lal Toofan,Beer,Lager,1,pint,568,draught,5.0,2.8,2.84,0.5
583,Leffe Blonde,Leffe,Beer,Lager,330,ml,330,bottle,6.6,2.2,2.178,0.66
584,Leffe Blonde,Leffe,Beer,Lager,1,pint,568,draught,6.6,3.7,3.7488,0.66
585,Leffe Brune,Leffe,Beer,Abbey Beer,330,ml,330,bottle,6.5,2.1,2.145,0.65
586,Leffe Enkel,Leffe,Beer,Lager,1,pint,568,draught,4.5,2.6,2.556,0.45
587,Leffe Noel,Leffe,Beer,Dark Ale,1,pint,568,draught,6.6,3.7,3.7488,0.66
588,Liefmans Fruitesse,Liefmans,Beer,Fruit Beer,250,ml,250,bottle,3.8,1.0,0.95,0.38
589,Liefmans Fruitesse,Liefmans,Beer,Fruit Beer,330,ml,330,bottle,3.8,1.3,1.254,0.38
590,Liefmans Fruitesse,Liefmans,Beer,Fruit Beer,1,pint,568,draught,3.8,2.2,2.1584,0.38
591,Liefmans Kriek Brut,Liefmans,Beer,Fruit Beer,330,ml,330,bottle,6.0,2.0,1.98,0.6
592,Little Creatures Pale Ale,Little Creatures,Beer,Pale Ale,330,ml,330,bottle,5.2,1.7,1.716,0.52
593,Little Creatures Pale Ale,Little Creatures,Beer,Pale Ale,1,pint,568,draught,5.2,3.0,2.9536,0.52
594,Livewire American Style IPA,Electric Bear,Beer,IPA,330,ml,330,bottle,5.4,1.8,1.782,0.54
595,London Beer Factory Chelsea Blonde,The London Beer Factory,Beer,Lager,330,ml,330,can,4.3,1.4,1.419,0.43
596,London Bohemia Lager,The London Beer Factory,Beer,Lager,330,ml,330,can,5.0,1.7,1.65,0.5
597,London Pride,Fuller's,Beer,Ale,330,ml,330,bottle,4.7,1.6,1.551,0.47
598,London Pride,Fuller's,Beer,Ale,500,ml,500,bottle,4.7,2.4,2.35,0.47
599,London Pride,Fuller's,Beer,Ale,1,pint,568,draught,4.1,2.3,2.3288,0.41
600,Lonerider Gunslinger Pale Ale,Lonerider,Beer,Pale Ale,355,ml,355,bottle,5.4,1.9,1.917,0.54
601,Lonerider Hoppy Ki Yay,Lonerider,Beer,IPA,355,ml,355,can,6.6,2.3,2.343,0.66
602,Lonerider Saloon Style Pilsner,Lonerider,Beer,Lager,355,ml,355,bottle,4.2,1.5,1.491,0.42
603,Lowenbrau,Lowenbrau,Beer,Lager,1,pint,568,draught,5.0,2.8,2.84,0.5
604,Lowlander American Pale Ale,Lowlander,Beer,Pale Ale,330,ml,330,bottle,4.5,1.5,1.485,0.45
605,Lowlander IPA,Lowlander,Beer,IPA,330,ml,330,bottle,6.0,2.0,1.98,0.6
606,Lowlander Poorter,Lowlander,Beer,Porter,330,ml,330,bottle,6.0,2.0,1.98,0.6
607,Lowlander White Ale,Lowlander,Beer,Ale,330,ml,330,bottle,5.0,1.7,1.65,0.5
608,Lushingtons,Skinners,Beer,Pale Ale,1,pint,568,draught,4.2,2.4,2.3856,0.42
609,Macbeth - Scottish Pale Ale,Deeside,Beer,Pale Ale,500,ml,500,bottle,4.1,2.1,2.05,0.41
610,Machlachlan's Best Ale,Machlachlan's,Beer,Ale,1,pint,568,draught,3.6,2.0,2.0448,0.36
611,Maeloc Blackberry Cider,Maeloc,Cider,Fruit Cider,330,ml,330,bottle,4.0,1.3,1.32,0.4
612,Maeloc Dry Apple Cider,Maeloc,Cider,,330,ml,330,bottle,4.5,1.5,1.485,0.45
613,Maeloc Strawberry Cider,Maeloc,Cider,Fruit Cider,330,ml,330,bottle,4.0,1.3,1.32,0.4
614,Magners Dark Fruit,Magners,Cider,Fruit Cider,500,ml,500,bottle,4.0,2.0,2.0,0.4
615,Magners Dark Fruit,Magners,Cider,Fruit Cider,1,pint,568,draught,4.0,2.3,2.272,0.4
616,Magners Golden Draught,Magners,Cider,,1,pint,568,draught,4.5,2.6,2.556,0.45
617,Magners Orchard Berries,Magners,Cider,Fruit Cider,500,ml,500,bottle,4.0,2.0,2.0,0.4
618,Magners Original,Magners,Cider,,330,ml,330,bottle,4.5,1.5,1.485,0.45
619,Magners Original,Magners,Cider,,500,ml,500,bottle,4.5,2.3,2.25,0.45
620,Magners Original,Magners,Cider,,568,ml,568,bottle,4.5,2.6,2.556,0.45
621,Magners Original,Magners,Cider,,440,ml,440,can,4.5,2.0,1.98,0.45
622,Magners Original,Magners,Cider,,500,ml,500,can,4.5,2.3,2.25,0.45
623,Magners Original,Magners,Cider,,1,pint,568,draught,4.5,2.6,2.556,0.45
624,Magners Pear Cider,Magners,Cider,Perry,330,ml,330,bottle,4.5,1.5,1.485,0.45
625,Magners Pear Cider,Magners,Cider,Perry,568,ml,568,bottle,4.5,2.6,2.556,0.45
626,Mahou,Mahou,Beer,Lager,330,ml,330,bottle,5.1,1.7,1.683,0.51
627,Mahou,Mahou,Beer,Lager,1,pint,568,draught,5.1,2.9,2.8968,0.51
628,Manns Brown Ale,Manns,Beer,Brown Ale,275,ml,275,bottle,2.8,0.8,0.77,0.28
629,March Of The Penguins,Williams Bros. Brewing Co.,Beer,Stout,500,ml,500,bottle,5.0,2.5,2.5,0.5
630,Marmalade on Toast,Greene King,Beer,Ale,1,pint,568,draught,4.5,2.6,2.556,0.45
631,Marston's 61 Deep Pale Ale,Marston's,Beer,Pale Ale,1,pint,568,draught,3.8,2.2,2.1584,0.38
632,Marston's EPA,Marston's,Beer,Blonde Ale,500,ml,500,bottle,3.6,1.8,1.8,0.36
633,Marston's EPA,Marston's,Beer,Blonde Ale,1,pint,568,draught,3.6,2.0,2.0448,0.36
634,Marston's Old Empire IPA,Marston's,Beer,IPA,500,ml,500,bottle,5.7,2.9,2.85,0.57
635,Marston's Pearl Jet,Marston's,Beer,Stout,500,ml,500,bottle,4.1,2.1,2.05,0.41
636,Marston's Pearl Jet,Marston's,Beer,Stout,1,pint,568,draught,4.1,2.3,2.3288,0.41
637,Marston's Pedigree,Marston's,Beer,Ale,500,ml,500,bottle,5.0,2.5,2.5,0.5
638,Marston's Pedigree,Marston's,Beer,Ale,1,pint,568,draught,4.5,2.6,2.556,0.45
639,Marstons Resolution,Marston's,Beer,Ale,275,ml,275,bottle,4.7,1.3,1.2925,0.47
640,McEwan's 60/-,McEwan's,Beer,Pale Ale,1,pint,568,draught,3.2,1.8,1.8176,0.32
641,McEwan's 70/-,McEwan's,Beer,Ale,1,pint,568,draught,3.7,2.1,2.1016,0.37
642,McEwan's 80/-,McEwan's,Beer,Ale,1,pint,568,draught,4.2,2.4,2.3856,0.42
643,McEwan's Export,McEwan's,Beer,Ale,500,ml,500,can,4.5,2.3,2.25,0.45
644,McEwan's Export,McEwan's,Beer,Ale,1,pint,568,draught,4.5,2.6,2.556,0.45
645,Meantime Anytime IPA,Meantime,Beer,IPA,1,pint,568,draught,4.7,2.7,2.6696,0.47
646,Meantime Cali Pale Ale,Meantime,Beer,Pale Ale,1,pint,568,draught,5.0,2.8,2.84,0.5
647,Meantime Chocolate Porter,Meantime,Beer,Porter,330,ml,330,bottle,6.5,2.1,2.145,0.65
648,Meantime Fest Bier,Meantime,Beer,Lager,1,pint,568,draught,5.6,3.2,3.1808,0.56
649,Meantime Fools Gold,Meantime,Beer,Ale,1,pint,568,draught,4.5,2.6,2.556,0.45
650,Meantime Helles Lager,Meantime,Beer,Lager,330,ml,330,bottle,4.2,1.4,1.386,0.42
651,Meantime Helles Lager,Meantime,Beer,Lager,1,pint,568,draught,4.2,2.4,2.3856,0.42
652,Meantime London IPA,Meantime,Beer,IPA,330,ml,330,bottle,7.4,2.4,2.442,0.74
653,Meantime London Lager,Meantime,Beer,Lager,330,ml,330,bottle,4.5,1.5,1.485,0.45
654,Meantime London Lager,Meantime,Beer,Lager,330,ml,330,can,4.5,1.5,1.485,0.45
655,Meantime London Lager,Meantime,Beer,Lager,1,pint,568,draught,4.5,2.6,2.556,0.45
656,Meantime London Pale Ale,Meantime,Beer,Pale Ale,330,ml,330,bottle,4.3,1.4,1.419,0.43
657,Meantime London Pale Ale,Meantime,Beer,Pale Ale,330,ml,330,can,4.3,1.4,1.419,0.43
658,Meantime London Pale Ale,Meantime,Beer,Pale Ale,1,pint,568,draught,4.3,2.4,2.4424,0.43
659,Meantime London Stout,Meantime,Beer,Stout,330,ml,330,bottle,4.5,1.5,1.485,0.45
660,Meantime Lucky Hop,Meantime,Beer,Summer Ale,1,pint,568,draught,4.4,2.5,2.4992,0.44
661,Meantime Meridian Lager,Meantime,Beer,Lager,1,pint,568,draught,5.0,2.8,2.84,0.5
662,Meantime Pilsner,Meantime,Beer,Lager,330,ml,330,bottle,4.4,1.5,1.452,0.44
663,Meantime Pilsner,Meantime,Beer,Lager,1,pint,568,draught,4.4,2.5,2.4992,0.44
664,Meantime Wheat,Meantime,Beer,Wheat Beer,330,ml,330,bottle,5.0,1.7,1.65,0.5
665,Meantime Winter Sun,Meantime,Beer,Ale,1,pint,568,draught,5.9,3.4,3.3512,0.59
666,Meantime Yakima Red,Meantime,Beer,Red Ale,330,ml,330,bottle,4.1,1.4,1.353,0.41
667,Meantime Yakima Red,Meantime,Beer,Red Ale,330,ml,330,can,4.1,1.4,1.353,0.41
668,Meantime Yakima Red,Meantime,Beer,Red Ale,1,pint,568,draught,4.1,2.3,2.3288,0.41
669,Mela Rossa,Angioletti,Cider,,330,ml,330,bottle,5.0,1.7,1.65,0.5
670,Menabrea Amber,Menabrea,Beer,Lager,330,ml,330,bottle,5.0,1.7,1.65,0.5
671,Menabrea Blonde,Menabrea,Beer,Lager,330,ml,330,bottle,4.8,1.6,1.584,0.48
672,Menabrea Blonde,Menabrea,Beer,Lager,1,pint,568,draught,4.8,2.7,2.7264,0.48
673,Miller Genuine Draft,Miller,Beer,Lager,330,ml,330,bottle,4.7,1.6,1.551,0.47
674,Modelo Especial,Modelo,Beer,Lager,355,ml,355,bottle,4.5,1.6,1.5975,0.45
675,Modelo Negra,Modelo,Beer,Lager,355,ml,355,bottle,5.3,1.9,1.8815,0.53
676,Monteith's Bohemian Pilsner,Monteith's,Beer,Lager,330,ml,330,bottle,5.0,1.7,1.65,0.5
677,Monteith's Summer Ale,Monteith's,Beer,Summer Ale,330,ml,330,bottle,5.0,1.7,1.65,0.5
678,Murphy's Irish Stout,Murphy's,Beer,Stout,1,pint,568,draught,4.0,2.3,2.272,0.4
679,My Generation Pale Ale,My Generation,Beer,Pale Ale,1,pint,568,draught,4.2,2.4,2.3856,0.42
680,Natch,Natch,Cider,,500,ml,500,can,5.2,2.6,2.6,0.52
681,Natch,Natch,Cider,,1,pint,568,draught,5.2,3.0,2.9536,0.52
682,Newcastle Brown Ale,Newcastle Brown Ale,Beer,Brown Ale,550,ml,550,bottle,4.7,2.6,2.585,0.47
683,Nomad Beach House Pale,Nomad,Beer,Pale Ale,330,ml,330,can,5.0,1.7,1.65,0.5
684,Nomad Freshie Salt & Pepper Gose,Nomad,Beer,Gose,330,ml,330,can,4.5,1.5,1.485,0.45
685,Nomad Jet Leg IPA,Nomad,Beer,IPA,330,ml,330,bottle,6.0,2.0,1.98,0.6
686,Nomad Juicy As Fruit IPA,Nomad,Beer,IPA,330,ml,330,can,4.5,1.5,1.485,0.45
687,Nomad South Pacific Dream,Nomad,Beer,Pale Ale,330,ml,330,can,4.0,1.3,1.32,0.4
688,North Brewing Herzog,North Brewing,Beer,Lager,330,ml,330,can,5.0,1.7,1.65,0.5
689,North Brewing Pinata,North Brewing,Beer,Pale Ale,330,ml,330,can,4.5,1.5,1.485,0.45
690,North Brewing Sputnik,North Brewing,Beer,Pale Ale,330,ml,330,can,5.0,1.7,1.65,0.5
691,North Brewing Transmission IPA,North Brewing,Beer,IPA,330,ml,330,bottle,6.9,2.3,2.277,0.69
692,Oakham Ales Inferno,Oakham Ales,Beer,Ale,500,ml,500,bottle,4.6,2.3,2.3,0.46
693,Old Blue Last,Old Blue Last ,Beer,Lager,355,ml,355,can,5.0,1.8,1.775,0.5
694,Old Blue Last,Old Blue Last ,Beer,Lager,1,pint,568,draught,5.0,2.8,2.84,0.5
695,Old Golden Hen,Morland,Beer,Golden Ale,1,pint,568,draught,4.1,2.3,2.3288,0.41
696,Old Hooky,Hook Norton Brewery,Beer,Bitter,500,ml,500,bottle,4.6,2.3,2.3,0.46
697,Old Hooky,Hook Norton Brewery,Beer,Bitter,1,pint,568,draught,4.6,2.6,2.6128,0.46
698,Old Hoppy Hen,Morland,Beer,Pale Ale,1,pint,568,draught,4.8,2.7,2.7264,0.48
699,Old Mout Berries & Cherries,Old Mout,Cider,Fruit Cider,500,ml,500,bottle,4.0,2.0,2.0,0.4
700,Old Mout Berries & Cherries 0%,Old Mout,Cider,Fruit Cider,500,ml,500,bottle,0.0,0.0,0.0,0.0
701,Old Mout Kiwi & Lime,Old Mout,Cider,Fruit Cider,500,ml,500,bottle,4.0,2.0,2.0,0.4
702,Old Mout Passion & Apple,Old Mout,Cider,Fruit Cider,500,ml,500,bottle,4.0,2.0,2.0,0.4
703,Old Mout Strawberry & Pomegranate,Old Mout,Cider,Fruit Cider,500,ml,500,bottle,4.0,2.0,2.0,0.4
704,Old Speckled Hen,Morland,Beer,Pale Ale,335,ml,335,bottle,5.0,1.7,1.675,0.5
705,Old Speckled Hen,Morland,Beer,Ale,500,ml,500,bottle,5.0,2.5,2.5,0.5
706,Old Speckled Hen,Morland,Beer,Ale,1,pint,568,draught,4.5,2.6,2.556,0.45
707,Old Speckled Hen Gluten Free,Morland,Beer,Ale,500,ml,500,bottle,5.0,2.5,2.5,0.5
708,Olde English,Olde English,Cider,,1,pint,568,draught,4.5,2.6,2.556,0.45
709,Open Gate Citra IPA,Open Gate,Beer,IPA,1,pint,568,draught,5.0,2.8,2.84,0.5
710,Open Gate Pilsner,Open Gate,Beer,Lager,1,pint,568,draught,5.0,2.8,2.84,0.5
711,Orchard Pig Charmer,Orchard Pig,Cider,,500,ml,500,bottle,6.0,3.0,3.0,0.6
712,Orchard Pig Explorer,Orchard Pig,Cider,,1,pint,568,draught,4.5,2.6,2.556,0.45
713,Orchard Pig Navelgazer,Orchard Pig,Cider,,1,pint,568,draught,6.0,3.4,3.408,0.6
714,Orchard Pig Reveller,Orchard Pig,Cider,,500,ml,500,bottle,4.5,2.3,2.25,0.45
715,Orchard Pig Reveller,Orchard Pig,Cider,,440,ml,440,can,4.5,2.0,1.98,0.45
716,Orchard Pig Reveller,Orchard Pig,Cider,,1,pint,568,draught,4.5,2.6,2.556,0.45
717,Orchard Pig The Hogfather,Orchard Pig,Cider,,1,pint,568,draught,7.4,4.2,4.2032,0.74
718,Orchard Pig Truffler,Orchard Pig,Cider,,500,ml,500,bottle,6.0,3.0,3.0,0.6
719,Orchard Thieves,Orchard Thieves,Cider,,330,ml,330,can,4.5,1.5,1.485,0.45
720,Orchard Thieves,Orchard Thieves,Cider,,1,pint,568,draught,4.5,2.6,2.556,0.45
721,Orpens Fresh Pressed Apple Cider,Orpens,Cider,,330,ml,330,bottle,5.3,1.7,1.749,0.53
722,Ossian Golden Ale,Inveralmond Brewery,Beer,Golden Ale,1,pint,568,draught,4.1,2.3,2.3288,0.41
723,Pabst Blue Ribbon Beer,Pabst,Beer,Lager,330,ml,330,can,4.6,1.5,1.518,0.46
724,Pabst Blue Ribbon Beer,Pabst,Beer,Lager,355,ml,355,can,4.6,1.6,1.633,0.46
725,Pacifico Clara,Pacifico,Beer,Lager,355,ml,355,bottle,4.5,1.6,1.5975,0.45
726,Palax,Palax,Beer,Lager,330,ml,330,bottle,4.9,1.6,1.617,0.49
727,Palax,Palax,Beer,Lager,1,pint,568,draught,4.9,2.8,2.7832,0.49
728,Palma Cristal,Palma Cristal,Beer,Lager,350,ml,350,bottle,4.9,1.7,1.715,0.49
729,Paxton IPA,The London Beer Factory,Beer,IPA,330,ml,330,can,5.5,1.8,1.815,0.55
730,Paxton IPA,The London Beer Factory,Beer,IPA,1,pint,568,draught,5.5,3.1,3.124,0.55
731,Peroni Ambra,Peroni,Beer,Lager,250,ml,250,bottle,6.0,1.5,1.5,0.6
732,Peroni Gran Riserva,Peroni,Beer,Lager,330,ml,330,bottle,6.6,2.2,2.178,0.66
733,Peroni Nastro Azzurro,Peroni,Beer,Lager,330,ml,330,bottle,5.1,1.7,1.683,0.51
734,Peroni Nastro Azzurro,Peroni,Beer,Lager,660,ml,660,bottle,5.1,3.4,3.366,0.51
735,Peroni Nastro Azzurro,Peroni,Beer,Lager,1,pint,568,draught,5.1,2.9,2.8968,0.51
736,Peroni Nastro Azzurro (Gluten Free),Peroni,Beer,Lager,330,ml,330,bottle,5.1,1.7,1.683,0.51
737,Peroni Nastro Azzurro Piccola,Peroni,Beer,Lager,250,ml,250,bottle,5.1,1.3,1.275,0.51
738,Peroni Red,Peroni,Beer,Lager,330,ml,330,bottle,4.7,1.6,1.551,0.47
739,Pig & Porter Dance First,Pig & Porter,Beer,Porter,330,ml,330,can,4.2,1.4,1.386,0.42
740,Pig & Porter Gothic Imperial Stout,Pig & Porter,Beer,Porter,330,ml,330,can,7.4,2.4,2.442,0.74
741,Pig & Porter Red Spider Rye,Pig & Porter,Beer,Rye Beer,330,ml,330,can,4.8,1.6,1.584,0.48
742,Pig & Porter Skylarking Session IPA,Pig & Porter,Beer,IPA,330,ml,330,can,4.0,1.3,1.32,0.4
743,Pilsner Urquell,Pilsner Urquell,Beer,Lager,330,ml,330,bottle,4.4,1.5,1.452,0.44
744,Pilsner Urquell,Pilsner Urquell,Beer,Lager,1,pint,568,draught,4.4,2.5,2.4992,0.44
745,Pimm's Mango & Passion Fruit Cider Cup,Pimm's,Cider,Fruit Cider,500,ml,500,bottle,4.0,2.0,2.0,0.4
746,Pimm's Plum & Red Apple Cider Cup,Pimm's,Cider,Fruit Cider,500,ml,500,bottle,4.0,2.0,2.0,0.4
747,Pimm's Strawberry & Cucumber Cider Cup,Pimm's,Cider,Fruit Cider,500,ml,500,bottle,4.0,2.0,2.0,0.4
748,Pimm's Summer Fruits Cider Cup,Pimm's,Cider,Fruit Cider,500,ml,500,bottle,4.0,2.0,2.0,0.4
749,Pistonhead Kustom Lager,Pistonhead,Beer,Lager,330,ml,330,can,4.6,1.5,1.518,0.46
750,Point Amber Lager,Point,Beer,Lager,355,ml,355,bottle,4.7,1.7,1.6685,0.47
751,Point Amber Lager,Point,Beer,Lager,1,pint,568,draught,4.7,2.7,2.6696,0.47
752,Point Belgium White,Point,Beer,Wheat Beer,355,ml,355,bottle,5.4,1.9,1.917,0.54
753,Point IPA,Point,Beer,IPA,355,ml,355,bottle,5.6,2.0,1.988,0.56
754,Point Pale Ale,Point,Beer,Pale Ale,355,ml,355,bottle,5.4,1.9,1.917,0.54
755,Point Pale Ale,Point,Beer,Pale Ale,1,pint,568,draught,5.4,3.1,3.0672,0.54
756,Polar Monkeys Blue Collar Amber Lager,Polar Monkeys,Beer,Lager,330,ml,330,bottle,5.0,1.7,1.65,0.5
757,Polar Monkeys Blue Collar Amber Lager,Polar Monkeys,Beer,Lager,1,pint,568,draught,5.0,2.8,2.84,0.5
758,Polar Monkeys Chairman IPA,Polar Monkeys,Beer,IPA,330,ml,330,bottle,6.0,2.0,1.98,0.6
759,Polar Monkeys Chairman IPA,Polar Monkeys,Beer,IPA,1,pint,568,draught,6.0,3.4,3.408,0.6
760,Polar Monkeys White Collar Golden Ale,Polar Monkeys,Beer,Golden Ale,330,ml,330,bottle,5.5,1.8,1.815,0.55
761,Port City Optimal Wit,Port City,Beer,Wheat Beer,355,ml,355,bottle,4.9,1.7,1.7395,0.49
762,Port City Porter,Port City,Beer,Porter,355,ml,355,bottle,7.2,2.6,2.556,0.72
763,Porterhouse Dublin Pale Ale,Porterhouse,Beer,Pale Ale,1,pint,568,draught,4.2,2.4,2.3856,0.42
764,Porterhouse Hop Head IPA,Porterhouse,Beer,IPA,1,pint,568,draught,5.0,2.8,2.84,0.5
765,Porterhouse Nitro Red Ale,Porterhouse,Beer,Ale,1,pint,568,draught,4.2,2.4,2.3856,0.42
766,Portobello London Pilsner,Portobello Brewing Co,Beer,Lager,330,ml,330,bottle,4.6,1.5,1.518,0.46
767,Portobello London Pilsner,Portobello Brewing Co,Beer,Lager,330,ml,330,can,4.6,1.5,1.518,0.46
768,Portobello London Pilsner,Portobello Brewing Co,Beer,Lager,1,pint,568,draught,4.6,2.6,2.6128,0.46
769,Portobello Westways Pale Ale,Portobello Brewing Co,Beer,Pale Ale,330,ml,330,bottle,4.0,1.3,1.32,0.4
770,Pravha,Pravha,Beer,Lager,1,pint,568,draught,4.0,2.3,2.272,0.4
771,Punk IPA,BrewDog,Beer,Beer,1,pint,568,draught,5.4,3.1,3.0672,0.54
772,Quilmes,Quilmes,Beer,Lager,340,ml,340,bottle,4.9,1.7,1.666,0.49
773,Red Stripe,Red Stripe,Beer,Lager,300,ml,300,bottle,4.7,1.4,1.41,0.47
774,Red Stripe,Red Stripe,Beer,Lager,330,ml,330,bottle,4.7,1.6,1.551,0.47
775,Red Stripe,Red Stripe,Beer,Lager,440,ml,440,can,4.7,2.1,2.068,0.47
776,Red Stripe,Red Stripe,Beer,Lager,1,pint,568,draught,4.7,2.7,2.6696,0.47
777,Redchurch Bethnal Pale Ale,Redchurch,Beer,Pale Ale,330,ml,330,bottle,5.5,1.8,1.815,0.55
778,Redchurch Bethnal Pale Ale,Redchurch,Beer,Ale,1,pint,568,draught,5.5,3.1,3.124,0.55
779,Redchurch Great Eastern IPA,Redchurch,Beer,IPA,330,ml,330,bottle,7.4,2.4,2.442,0.74
780,Redchurch Great Eastern IPA,Redchurch,Beer,IPA,1,pint,568,draught,7.4,4.2,4.2032,0.74
781,Redchurch Hoxton Stout,Redchurch,Beer,Stout,330,ml,330,bottle,5.0,1.7,1.65,0.5
782,Redchurch Hoxton Stout,Redchurch,Beer,Stout,1,pint,568,draught,5.0,2.8,2.84,0.5
783,Redchurch Lager,Redchurch,Beer,Lager,330,ml,330,bottle,4.7,1.6,1.551,0.47
784,Redchurch Lager,Redchurch,Beer,Lager,1,pint,568,draught,4.7,2.7,2.6696,0.47
785,Redchurch Old Ford Export Stout,Redchurch,Beer,Lager,330,ml,330,bottle,7.5,2.5,2.475,0.75
786,Redchurch Old Ford Export Stout,Redchurch,Beer,Lager,1,pint,568,draught,7.5,4.3,4.26,0.75
787,Redchurch Paradise Pale Ale,Redchurch,Beer,Pale Ale,330,ml,330,bottle,3.7,1.2,1.221,0.37
788,Redchurch Paradise Pale Ale,Redchurch,Beer,Pale Ale,1,pint,568,draught,3.7,2.1,2.1016,0.37
789,Redchurch Shoreditch Blonde,Redchurch,Beer,Lager,330,ml,330,bottle,4.5,1.5,1.485,0.45
790,Redchurch Shoreditch Blonde,Redchurch,Beer,Lager,1,pint,568,draught,4.5,2.6,2.556,0.45
791,Rekorderlig Apple Cider,Rekorderlig,Cider,,500,ml,500,bottle,4.5,2.3,2.25,0.45
792,Rekorderlig Botanicals Grapefruit & Rosemary,Rekorderlig,Cider,Fruit Cider,330,ml,330,bottle,4.0,1.3,1.32,0.4
793,Rekorderlig Botanicals Peach & Basil,Rekorderlig,Cider,Fruit Cider,330,ml,330,bottle,4.0,1.3,1.32,0.4
794,"Rekorderlig Botanicals Rhubarb, Lemon & Mint",Rekorderlig,Cider,Fruit Cider,330,ml,330,bottle,4.0,1.3,1.32,0.4
795,Rekorderlig Dry Apple Cider,Rekorderlig,Cider,,1,pint,568,draught,5.0,2.8,2.84,0.5
796,Rekorderlig Mango & Raspberry,Rekorderlig,Cider,Fruit Cider,500,ml,500,bottle,4.0,2.0,2.0,0.4
797,Rekorderlig Mango & Raspberry,Rekorderlig,Cider,Fruit Cider,330,ml,330,can,4.5,1.5,1.485,0.45
798,Rekorderlig Passion Fruit,Rekorderlig,Cider,Fruit Cider,500,ml,500,bottle,4.0,2.0,2.0,0.4
799,Rekorderlig Passion Fruit,Rekorderlig,Cider,Fruit Cider,1,pint,568,draught,4.0,2.3,2.272,0.4
800,Rekorderlig Pear Cider,Rekorderlig,Cider,Perry,500,ml,500,bottle,4.5,2.3,2.25,0.45
801,Rekorderlig Spiced Plum,Rekorderlig,Cider,Fruit Cider,500,ml,500,bottle,4.0,2.0,2.0,0.4
802,Rekorderlig Strawberry & Lime,Rekorderlig,Cider,Fruit Cider,500,ml,500,bottle,4.0,2.0,2.0,0.4
803,Rekorderlig Strawberry & Lime,Rekorderlig,Cider,Fruit Cider,330,ml,330,can,4.0,1.3,1.32,0.4
804,Rekorderlig Strawberry & Lime,Rekorderlig,Cider,Fruit Cider,1,pint,568,draught,4.0,2.3,2.272,0.4
805,Rekorderlig Strawberry & Lime Low Alcohol,Rekorderlig,Cider,Fruit Cider,500,ml,500,bottle,0.2,0.1,0.1,0.02
806,Rekorderlig Wild Berries,Rekorderlig,Cider,Fruit Cider,500,ml,500,bottle,4.0,2.0,2.0,0.4
807,Rekorderlig Wild Berries,Rekorderlig,Cider,Fruit Cider,330,ml,330,can,4.0,1.3,1.32,0.4
808,Revisionist Craft Lager,Revisionist,Beer,Lager,1,pint,568,draught,4.0,2.3,2.272,0.4
809,Riggwelter,Black Sheep,Beer,Ale,1,pint,568,draught,5.9,3.4,3.3512,0.59
810,Ringwood Fortyniner,Ringwood,Beer,Golden Ale,1,pint,568,draught,4.9,2.8,2.7832,0.49
811,Rocking Rudolph,Hardys & Hansons,Beer,,1,pint,568,draught,4.2,2.4,2.3856,0.42
812,Rothhammer Golden Ale,Rothhammer,Beer,Golden Ale,1,pint,568,draught,5.5,3.1,3.124,0.55
813,Rothhammer Nazca IPA,Rothhammer,Beer,IPA,1,pint,568,draught,4.7,2.7,2.6696,0.47
814,Rothhammer Red Ale,Rothhammer,Beer,Red Ale,1,pint,568,draught,4.5,2.6,2.556,0.45
815,Rothhammer Stratus Lager,Rothhammer,Beer,Lager,350,ml,350,bottle,4.2,1.5,1.47,0.42
816,Rothhammer Stratus lager,Rothhammer,Beer,Lager,1,pint,568,draught,4.2,2.4,2.3856,0.42
817,Ruck & Roll,St Austell,Beer,Ale,1,pint,568,draught,4.0,2.3,2.272,0.4
818,Ruddles Best,Ruddles,Beer,Bitter,1,pint,568,draught,3.7,2.1,2.1016,0.37
819,Rudolph's Reward,No. 18 Yard Brewhouse,Beer,Light Ale,1,pint,568,draught,3.7,2.1,2.1016,0.37
820,Sadler's Peaky Blinder Craft Lager,Sadler's Peaky Blinder,Beer,Lager,1,pint,568,draught,4.1,2.3,2.3288,0.41
821,Sadler's Peaky Blinder Lager,Sadler's Peaky Blinder,Beer,Lager,330,ml,330,bottle,4.1,1.4,1.353,0.41
822,Sadler's Peaky Blinder Pale Ale,Sadler's Peaky Blinder,Beer,Pale Ale,500,ml,500,bottle,4.4,2.2,2.2,0.44
823,Sagres,Sagres,Beer,Lager,1,pint,568,draught,5.0,2.8,2.84,0.5
824,Saint Lager,Saint,Beer,Lager,330,ml,330,bottle,4.6,1.5,1.518,0.46
825,Salitos,Salitos,Beer,Lager,330,ml,330,bottle,5.9,1.9,1.947,0.59
826,Samuel Adams Boston Lager,Samuel Adams,Beer,Lager,330,ml,330,bottle,4.8,1.6,1.584,0.48
827,Samuel Adams Boston Lager,Samuel Adams,Beer,Lager,1,pint,568,draught,4.8,2.7,2.7264,0.48
828,San Miguel,San Miguel,Beer,Lager,330,ml,330,bottle,5.0,1.7,1.65,0.5
829,San Miguel,San Miguel,Beer,Lager,1,pint,568,draught,5.0,2.8,2.84,0.5
830,San Miguel Fresca,San Miguel,Beer,Lager,330,ml,330,bottle,4.4,1.5,1.452,0.44
831,Sandford Orchards Berry Lane Cider,Sandford Orchards,Cider,Fruit Cider,500,ml,500,bottle,4.0,2.0,2.0,0.4
832,Sandford Orchards Devon Mist,Sandford Orchards,Cider,,500,ml,500,bottle,4.5,2.3,2.25,0.45
833,Sandford Orchards Devon Mist,Sandford Orchards,Cider,,1,pint,568,draught,4.5,2.6,2.556,0.45
834,Sandford Orchards Devon Red,Sandford Orchards,Cider,,500,ml,500,bottle,4.5,2.3,2.25,0.45
835,Sandford Orchards Devon Red,Sandford Orchards,Cider,,330,ml,330,can,4.5,1.5,1.485,0.45
836,Sandford Orchards Devon Red,Sandford Orchards,Cider,,1,pint,568,draught,4.5,2.6,2.556,0.45
837,Sandford Orchards Old Blossom,Sandford Orchards,Cider,,500,ml,500,bottle,4.0,2.0,2.0,0.4
838,Sandford Orchards St Louis Dry Hopped,Sandford Orchards,Cider,,330,ml,330,bottle,5.5,1.8,1.815,0.55
839,Sassy Cidre Limitable,Sassy Cidre,Cider,,33,cl,330,bottle,5.2,1.7,1.716,0.52
840,Sassy Cidre Rose,Sassy Cidre,Cider,,33,cl,330,bottle,3.0,1.0,0.99,0.3
841,Savanna Dry Cider,Savanna,Cider,,330,ml,330,bottle,5.0,1.7,1.65,0.5
842,Sayers Stout,The London Beer Factory,Beer,Stout,330,ml,330,bottle,4.5,1.5,1.485,0.45
843,Seven Bro7hers EPA,Seven Bro7hers,Beer,Pale Ale,330,ml,330,bottle,4.8,1.6,1.584,0.48
844,Seven Bro7hers IPA,Seven Bro7hers,Beer,IPA,330,ml,330,can,5.0,1.7,1.65,0.5
845,Seven Bro7hers IPA,Seven Bro7hers,Beer,IPA,1,pint,568,draught,5.0,2.8,2.84,0.5
846,Seven Giraffes,Williams Bros. Brewing Co.,Beer,IPA,500,ml,500,bottle,5.1,2.6,2.55,0.51
847,Sharp's Atlantic Pale Ale,Sharp's,Beer,Beer,1,pint,568,draught,4.2,2.4,2.3856,0.42
848,Sharps 6 Vintage Blend,Sharps,Beer,Ale,330,ml,330,bottle,7.4,2.4,2.442,0.74
849,Sharps Cornish Pilsner,Sharps,Beer,Lager,330,ml,330,bottle,5.2,1.7,1.716,0.52
850,Sharps Cornish Pilsner,Sharps,Beer,Lager,1,pint,568,draught,5.2,3.0,2.9536,0.52
851,Sharps Offshore Pilsner,Sharps,Beer,Lager,330,ml,330,can,4.8,1.6,1.584,0.48
852,Sharps Offshore Pilsner,Sharps,Beer,Lager,1,pint,568,draught,4.8,2.7,2.7264,0.48
853,Sharps Orchard Cider,Sharps,Cider,,1,pint,568,draught,4.5,2.6,2.556,0.45
854,Sharps Single Brew,Sharps,Beer,Lager,330,ml,330,bottle,4.5,1.5,1.485,0.45
855,Shed Head,Backyard Brew,Beer,Lager,1,pint,568,draught,4.6,2.6,2.6128,0.46
856,Sheppy's 200 Special Edition Cider,Sheppy's,Cider,,1,pint,568,draught,5.0,2.8,2.84,0.5
857,Sheppy's Classic Draught Cider,Sheppy's,Cider,,1,pint,568,draught,5.5,3.1,3.124,0.55
858,Sheppy's Oakwood Cider,Sheppy's,Cider,,1,pint,568,draught,4.8,2.7,2.7264,0.48
859,Shipyard Pale Ale,Shipyard,Beer,Beer,1,pint,568,draught,4.5,2.6,2.556,0.45
860,Shipyard Rye Pale Ale,Shipyard,Beer,Rye Beer,1,pint,568,draught,4.3,2.4,2.4424,0.43
861,Shipyard Summer Ale,Shipyard,Beer,Wheat Beer,1,pint,568,draught,4.8,2.7,2.7264,0.48
862,Sierra Nevada California IPA,Sierra Nevada,Beer,IPA,355,ml,355,can,4.2,1.5,1.491,0.42
863,Sierra Nevada California IPA,Sierra Nevada,Beer,IPA,1,pint,568,draught,4.2,2.4,2.3856,0.42
864,Sierra Nevada Pale Ale,Sierra Nevada,Beer,Pale Ale,355,ml,355,bottle,5.6,2.0,1.988,0.56
865,Sierra Nevada Pale Ale,Sierra Nevada,Beer,Pale Ale,355,ml,355,can,5.6,2.0,1.988,0.56
866,Sierra Nevada Pale Ale,Sierra Nevada,Beer,Pale Ale,1,pint,568,draught,5.0,2.8,2.84,0.5
867,Sierra Nevada Porter,Sierra Nevada,Beer,Porter,355,ml,355,bottle,5.6,2.0,1.988,0.56
868,Sierra Nevada Torpedo Extra IPA,Sierra Nevada,Beer,IPA,355,ml,355,bottle,7.2,2.6,2.556,0.72
869,Sierra Nevada Tropical Torpedo,Sierra Nevada,Beer,IPA,355,ml,355,bottle,6.7,2.4,2.3785,0.67
870,Singha,Singha,Beer,Lager,330,ml,330,bottle,5.0,1.7,1.65,0.5
871,Siren Craft Brew Calypso,Siren Craft Brew,Beer,Sour Beer,330,ml,330,bottle,4.0,1.3,1.32,0.4
872,Siren Craft Brew Soundwave,Siren Craft Brew,Beer,IPA,330,ml,330,bottle,5.6,1.8,1.848,0.56
873,Siren Craft Brew Soundwave,Siren Craft Brew,Beer,IPA,1,pint,568,draught,5.6,3.2,3.1808,0.56
874,Siren Craft Brew Yu Lu,Siren Craft Brew,Beer,Ale,330,ml,330,bottle,3.8,1.3,1.254,0.38
875,Skinny Brands Lager,Skinny Brands,Beer,Lager,330,ml,330,bottle,4.0,1.3,1.32,0.4
876,Smirnoff Cider Mandarin & Pink Grapefruit,Smirnoff,Cider,Fruit Cider,500,ml,500,bottle,4.0,2.0,2.0,0.4
877,Smirnoff Cider Passionfruit & Lime,Smirnoff,Cider,Fruit Cider,330,ml,330,bottle,4.0,1.3,1.32,0.4
878,Smirnoff Cider Passionfruit & Lime,Smirnoff,Cider,Fruit Cider,500,ml,500,bottle,4.0,2.0,2.0,0.4
879,Smirnoff Cider Raspberry & Pomegranate,Smirnoff,Cider,Fruit Cider,330,ml,330,bottle,4.0,1.3,1.32,0.4
880,Smirnoff Cider Raspberry & Pomegranate,Smirnoff,Cider,Fruit Cider,500,ml,500,bottle,4.0,2.0,2.0,0.4
881,Sol,Sol,Beer,Lager,330,ml,330,bottle,4.5,1.5,1.485,0.45
882,Somersby Cider,Somersby,Cider,,500,ml,500,bottle,4.5,2.3,2.25,0.45
883,Somersby Cider,Somersby,Cider,,1,pint,568,draught,4.5,2.6,2.556,0.45
884,Somersby Strawberry & Rhubarb,Somersby,Cider,Fruit Cider,1,pint,568,draught,4.0,2.3,2.272,0.4
885,Spaten Helles,Spaten,Beer,Lager,1,pint,568,draught,5.2,3.0,2.9536,0.52
886,Spindrift,Adnams,Beer,Blonde Ale,1,pint,568,draught,4.0,2.3,2.272,0.4
887,Spitfire,Shepherd Neame,Beer,Ale,1,pint,568,draught,4.2,2.4,2.3856,0.42
888,Spring Fever,St Austell,Beer,Ale,1,pint,568,draught,4.1,2.3,2.3288,0.41
889,St Andrews Ale,Belhaven Brewery,Beer,Amber Ale,1,pint,568,draught,4.9,2.8,2.7832,0.49
890,St Austell Jolly Holly,St Austell,Beer,Ale,1,pint,568,draught,4.5,2.6,2.556,0.45
891,St Austell Liquid Sun,St Austell,Beer,Golden Ale,1,pint,568,draught,3.9,2.2,2.2152,0.39
892,St Austell Proper Job,St Austell,Beer,IPA,1,pint,568,draught,4.5,2.6,2.556,0.45
893,St Austell Tribute,St Austell,Beer,Ale,1,pint,568,draught,4.2,2.4,2.3856,0.42
894,St George and the Dragon,Wadworth,Beer,Ale,1,pint,568,draught,4.5,2.6,2.556,0.45
895,St Stefanus Blonde,St Stefanus,Beer,Abbey Beer,330,ml,330,bottle,7.0,2.3,2.31,0.7
896,St Stefanus Blonde,St Stefanus,Beer,Abbey Beer,1,pint,568,draught,7.0,4.0,3.976,0.7
897,Staropramen,Staropramen,Beer,Lager,330,ml,330,bottle,5.0,1.7,1.65,0.5
898,Staropramen,Staropramen,Beer,Lager,1,pint,568,draught,5.0,2.8,2.84,0.5
899,Stella Artois,Stella Artois,Beer,Lager,330,ml,330,bottle,4.8,1.6,1.584,0.48
900,Stella Artois,Stella Artois,Beer,Lager,440,ml,440,can,4.8,2.1,2.112,0.48
901,Stella Artois,Stella Artois,Beer,Lager,1,pint,568,draught,4.8,2.7,2.7264,0.48
902,Stella Artois 4%,Stella Artois,Beer,Lager,1,pint,568,draught,4.0,2.3,2.272,0.4
903,Stella Artois Black,Stella Artois,Beer,Lager,1,pint,568,draught,4.9,2.8,2.7832,0.49
904,Stella Artois Cidre Apple,Stella Artois,Cider,,500,ml,500,bottle,4.5,2.3,2.25,0.45
905,Stella Artois Cidre Peach,Stella Artois,Cider,Fruit Cider,500,ml,500,bottle,4.0,2.0,2.0,0.4
906,Stella Artois Cidre Pear,Stella Artois,Cider,Fruit Cider,568,ml,568,bottle,4.5,2.6,2.556,0.45
907,Stella Artois Cidre Raspberry,Stella Artois,Cider,Fruit Cider,500,ml,500,bottle,4.0,2.0,2.0,0.4
908,Stella Artois Gluten Free,Stella Artois,Beer,Lager,330,ml,330,bottle,4.8,1.6,1.584,0.48
909,Stella Cidre,Stella Artois,Cider,,1,pint,568,draught,4.5,2.6,2.556,0.45
910,Stewart Edinburgh Gold,Stewart,Beer,Golden Ale,330,ml,330,bottle,4.8,1.6,1.584,0.48
911,Stewart Hollyrood Pale Ale,Stewart,Beer,Pale Ale,330,ml,330,bottle,5.0,1.7,1.65,0.5
912,Stewart Ka Pai Hopped Pale Ale,Stewart,Beer,Pale Ale,330,ml,330,bottle,5.2,1.7,1.716,0.52
913,Stone Go To IPA,Stone,Beer,IPA,330,ml,330,can,4.7,1.6,1.551,0.47
914,Stone Go To IPA,Stone,Beer,IPA,1,pint,568,draught,4.7,2.7,2.6696,0.47
915,Stone IPA,Stone,Beer,IPA,330,ml,330,can,6.9,2.3,2.277,0.69
916,Stone White Ghost Berliner Weisse,Stone,Beer,Wheat Beer,330,ml,330,can,4.7,1.6,1.551,0.47
917,Stowford Press,Stowford Press,Cider,,500,ml,500,bottle,4.5,2.3,2.25,0.45
918,Stowford Press 0.5% Low Alcohol Cider,Stowford Press,Cider,,330,ml,330,bottle,0.5,0.2,0.165,0.05
919,Stowford Press Draught Cider,Stowford Press,Cider,,1,pint,568,draught,4.5,2.6,2.556,0.45
920,Stowford Press Mixed Berries,Stowford Press,Cider,Fruit Cider,1,pint,568,draught,4.0,2.3,2.272,0.4
921,Strongbow,Strongbow,Cider,,330,ml,330,bottle,5.0,1.7,1.65,0.5
922,Strongbow,Strongbow,Cider,,1,pint,568,draught,4.5,2.6,2.556,0.45
923,Sxollie Golden Delicous Cider,Sxollie,Cider,,330,ml,330,bottle,4.5,1.5,1.485,0.45
924,Sxollie Granny Smith Cider,Sxollie,Cider,,330,ml,330,bottle,4.5,1.5,1.485,0.45
925,Symonds Founder's Reserve Cider,Symonds,Cider,,1,pint,568,draught,4.5,2.6,2.556,0.45
926,Tailgate Peanut Butter Milk Stout,TailGate,Beer,Stout,355,ml,355,can,5.8,2.1,2.059,0.58
927,Tailgate South East IPA,TailGate,Beer,IPA,355,ml,355,can,6.2,2.2,2.201,0.62
928,Tartan Special,Younger's,Beer,Ale,1,pint,568,draught,3.7,2.1,2.1016,0.37
929,Taunton Traditional Cider,Taunton Traditional Cider,Cider,,1,pint,568,draught,5.2,3.0,2.9536,0.52
930,Tennent's 80/- Ember,Tennent's,Beer,Bitter,1,pint,568,draught,4.2,2.4,2.3856,0.42
931,Tennent's Lager,Tennent's,Beer,Lager,500,ml,500,can,4.0,2.0,2.0,0.4
932,Tennent's Lager,Tennent's,Beer,Lager,1,pint,568,draught,4.0,2.3,2.272,0.4
933,Tennent's Special,Tennent's,Beer,Bitter,500,ml,500,can,3.5,1.8,1.75,0.35
934,Tennent's Special 70/-,Tennent's,Beer,Bitter,1,pint,568,draught,3.5,2.0,1.988,0.35
935,Tetley Smoothflow Bitter,Tetley's,Beer,Bitter,1,pint,568,draught,3.6,2.0,2.0448,0.36
936,Tetley's Dark Mild,Tetley's,Beer,Ale,1,pint,568,draught,2.8,1.6,1.5904,0.28
937,Tetley's Mild,Tetley's,Beer,Ale,1,pint,568,draught,3.2,1.8,1.8176,0.32
938,Tetley's Smoothflow Bitter,Tetley's,Beer,Bitter,1,pint,568,draught,3.6,2.0,2.0448,0.36
939,Tetley's Traditional Bitter,Tetley's,Beer,Bitter,1,pint,568,draught,3.7,2.1,2.1016,0.37
940,Thatchers Gold,Thatchers,Cider,,500,ml,500,bottle,4.8,2.4,2.4,0.48
941,Thatchers Gold,Thatchers,Cider,,1,pint,568,draught,4.8,2.7,2.7264,0.48
942,Thatchers Green Goblin,Thatchers,Cider,,500,ml,500,bottle,5.0,2.5,2.5,0.5
943,Thatchers Haze,Thatchers,Cider,,500,ml,500,bottle,4.5,2.3,2.25,0.45
944,Thatchers Haze,Thatchers,Cider,,1,pint,568,draught,4.5,2.6,2.556,0.45
945,Thatchers Katy,Thatchers,Cider,,500,ml,500,bottle,7.4,3.7,3.7,0.74
946,Thatchers Old Rascal,Thatchers,Cider,,500,ml,500,bottle,4.5,2.3,2.25,0.45
947,Thatchers Old Rascal,Thatchers,Cider,,1,pint,568,draught,4.5,2.6,2.556,0.45
948,Thatchers Stan's Big Apple,Thatchers,Cider,,1,pint,568,draught,5.0,2.8,2.84,0.5
949,Thatchers Stan's Cheddar Valley,Thatchers,Cider,,1,pint,568,draught,5.0,2.8,2.84,0.5
950,Thatchers Stan's Trad,Thatchers,Cider,,1,pint,568,draught,6.0,3.4,3.408,0.6
951,The Cotswold Cider Co BlowHorn,The Cotswold Cider Co,Cider,,330,ml,330,bottle,4.0,1.3,1.32,0.4
952,The Cotswold Cider Co No Brainer,The Cotswold Cider Co,Cider,,330,ml,330,bottle,4.8,1.6,1.584,0.48
953,The Cotswold Cider Co Side Burns,The Cotswold Cider Co,Cider,,330,ml,330,bottle,5.4,1.8,1.782,0.54
954,The Cotswold Cider Co Sweet Cheeks,The Cotswold Cider Co,Cider,Fruit Cider,330,ml,330,bottle,4.0,1.3,1.32,0.4
955,The Other Side of the Blond,Vic Ale,Beer,Blonde Ale,330,ml,330,bottle,5.0,1.7,1.65,0.5
956,Theakstons Best Bitter,Theakstons,Beer,Bitter,1,pint,568,draught,3.8,2.2,2.1584,0.38
957,Thistly Cross Cider,Thistly Cross Cider,Cider,,500,ml,500,bottle,6.2,3.1,3.1,0.62
958,Thistly Cross Ginger,Thistly Cross Cider,Cider,,330,ml,330,bottle,4.0,1.3,1.32,0.4
959,Thistly Cross Real Elderflower Cider,Thistly Cross Cider,Cider,,330,ml,330,bottle,4.0,1.3,1.32,0.4
960,Thistly Cross Real Strawberry Cider,Thistly Cross Cider,Cider,Fruit Cider,330,ml,330,bottle,4.0,1.3,1.32,0.4
961,Thistly Cross Traditional Cider,Thistly Cross Cider,Cider,,500,ml,500,bottle,4.4,2.2,2.2,0.44
962,Thistly Cross Traditional Cider,Thistly Cross Cider,Cider,,1,pint,568,draught,4.4,2.5,2.4992,0.44
963,Thistly Cross Whisky Cask Cider,Thistly Cross Cider,Cider,,500,ml,500,bottle,6.9,3.5,3.45,0.69
964,Thornbridge AM:PM,Thornbridge,Beer,IPA,330,ml,330,bottle,4.5,1.5,1.485,0.45
965,Thornbridge AM:PM,Thornbridge,Beer,IPA,1,pint,568,draught,4.5,2.6,2.556,0.45
966,Thornbridge Jaipur,Thornbridge,Beer,IPA,330,ml,330,bottle,5.9,1.9,1.947,0.59
967,Thornbridge Lukas Helles Lager,Thornbridge,Beer,Lager,330,ml,330,bottle,4.2,1.4,1.386,0.42
968,Thornbridge Lukas Helles Lager,Thornbridge,Beer,Lager,1,pint,568,draught,4.2,2.4,2.3856,0.42
969,Thornbridge Tart Bakewell Sour,Thornbridge,Beer,Sour Beer,330,ml,330,bottle,6.0,2.0,1.98,0.6
970,Tiger,Tiger,Beer,Lager,330,ml,330,bottle,4.8,1.6,1.584,0.48
971,Tiger,Tiger,Beer,Lager,1,pint,568,draught,4.8,2.7,2.7264,0.48
972,Timmermans Peche,Timmermans,Beer,Fruit Beer,330,ml,330,bottle,4.0,1.3,1.32,0.4
973,Timothy Taylor's Boltmaker,Timothy Taylor's,Beer,Bitter,1,pint,568,draught,4.0,2.3,2.272,0.4
974,Timothy Taylor's Landlord,Timothy Taylor's,Beer,Beer,1,pint,568,draught,4.3,2.4,2.4424,0.43
975,Tiny Rebel Beatbox,Tiny Rebel,Beer,Pale Ale,330,ml,330,bottle,4.5,1.5,1.485,0.45
976,Tiny Rebel Bo'Ho,Tiny Rebel,Beer,Lager,330,ml,330,bottle,5.0,1.7,1.65,0.5
977,Tiny Rebel Cali,Tiny Rebel,Beer,Pale Ale,330,ml,330,can,5.6,1.8,1.848,0.56
978,Tiny Rebel Clwb Tropicana,Tiny Rebel,Beer,IPA,330,ml,330,can,5.5,1.8,1.815,0.55
979,Tiny Rebel Clwb Tropicana,Tiny Rebel,Beer,IPA,1,pint,568,draught,5.5,3.1,3.124,0.55
980,Tiny Rebel Cwtch,Tiny Rebel,Beer,Red Ale,330,ml,330,bottle,4.6,1.5,1.518,0.46
981,Tiny Rebel Cwtch,Tiny Rebel,Beer,Red Ale,330,ml,330,can,4.6,1.5,1.518,0.46
982,Tiny Rebel Cwtch,Tiny Rebel,Beer,Red Ale,1,pint,568,draught,4.6,2.6,2.6128,0.46
983,Tiny Rebel Dirty Stop Out,Tiny Rebel,Beer,Stout,330,ml,330,bottle,4.6,1.5,1.518,0.46
984,Tiny Rebel Dutty,Tiny Rebel,Beer,IPA,330,ml,330,can,4.2,1.4,1.386,0.42
985,Tiny Rebel Dutty,Tiny Rebel,Beer,IPA,1,pint,568,draught,4.2,2.4,2.3856,0.42
986,Tiny Rebel Frambuzi,Tiny Rebel,Beer,Sour Beer,330,ml,330,can,4.3,1.4,1.419,0.43
987,Tiny Rebel Fubar,Tiny Rebel,Beer,Pale Ale,330,ml,330,bottle,4.4,1.5,1.452,0.44
988,Tiny Rebel Stay Puft,Tiny Rebel,Beer,Porter,330,ml,330,can,5.2,1.7,1.716,0.52
989,Toast Purebread Pale Ale,Toast,Beer,Pale Ale,330,ml,330,bottle,5.0,1.7,1.65,0.5
990,Tribute,St Austell,Beer,Beer,1,pint,568,draught,4.2,2.4,2.3856,0.42
991,Tsingtao,Tsingtao,Beer,Lager,330,ml,330,bottle,4.7,1.6,1.551,0.47
992,Tuborg,Tuborg,Beer,Lager,1,pint,568,draught,4.0,2.3,2.272,0.4
993,Two Fingers Aurelio,Two Fingers,Beer,Golden Ale,330,ml,330,bottle,4.8,1.6,1.584,0.48
994,Two Tribes Material World American Pale Ale,Two Tribes,Beer,Pale Ale,330,ml,330,can,5.5,1.8,1.815,0.55
995,Two Tribes New Romantic Passion Fruit Gose,Two Tribes,Beer,Gose,330,ml,330,can,3.6,1.2,1.188,0.36
996,Two Tribes Non Stop Hits Modern Lager,Two Tribes,Beer,Lager,330,ml,330,can,5.0,1.7,1.65,0.5
997,Tyskie Gronie,Tyskie,Beer,Lager,500,ml,500,bottle,5.0,2.5,2.5,0.5
998,Union,Butcombe,Beer,Ale,1,pint,568,draught,4.8,2.7,2.7264,0.48
999,Vedett Blond,Vedett,Beer,Lager,330,ml,330,bottle,5.0,1.7,1.65,0.5
1000,Vedett Blond,Vedett,Beer,Lager,330,ml,330,can,5.2,1.7,1.716,0.52
1001,Vedett Extra Blonde,Vedett,Beer,Lager,1,pint,568,draught,5.0,2.8,2.84,0.5
1002,Vedett Extra Ordinary IPA,Vedett,Beer,IPA,1,pint,568,draught,5.5,3.1,3.124,0.55
1003,Vedett Extra White,Vedett,Beer,Wheat Beer,330,ml,330,bottle,4.7,1.6,1.551,0.47
1004,Vedett Extra White,Vedett,Beer,Wheat Beer,1,pint,568,draught,4.7,2.7,2.6696,0.47
1005,Vedett IPA,Vedett,Beer,IPA,330,ml,330,bottle,5.5,1.8,1.815,0.55
1006,Vedett IPA,Vedett,Beer,IPA,330,ml,330,can,5.5,1.8,1.815,0.55
1007,Vedett Session IPA,Vedett,Beer,IPA,330,ml,330,bottle,2.7,0.9,0.891,0.27
1008,Vic Ale Mumbai IPA,Vic Ale,Beer,IPA,330,ml,330,bottle,6.2,2.0,2.046,0.62
1009,Waddlegoose Cyder,Waddlegoose,Cider,,500,ml,500,bottle,4.6,2.3,2.3,0.46
1010,Waddlegoose Cyder,Waddlegoose,Cider,,1,pint,568,draught,4.6,2.6,2.6128,0.46
1011,Waddlegoose Three Berry,Waddlegoose,Cider,Fruit Cider,500,ml,500,bottle,3.8,1.9,1.9,0.38
1012,Waddlegoose Three Berry,Waddlegoose,Cider,Fruit Cider,1,pint,568,draught,3.8,2.2,2.1584,0.38
1013,Wadworth 6X,Wadworth,Beer,Amber Ale,500,ml,500,bottle,4.3,2.2,2.15,0.43
1014,Wadworth 6X,Wadworth,Beer,Amber Ale,1,pint,568,draught,4.1,2.3,2.3288,0.41
1015,Wadworth 6X Gold,Wadworth,Beer,Golden Ale,500,ml,500,bottle,4.5,2.3,2.25,0.45
1016,Wadworth Big Baubles,Wadworth,Beer,Pale Ale,1,pint,568,draught,4.9,2.8,2.7832,0.49
1017,Wadworth Bishops Tipple,Wadworth,Beer,Ale,500,ml,500,bottle,5.0,2.5,2.5,0.5
1018,Wadworth Bishops Tipple,Wadworth,Beer,Ale,1,pint,568,draught,5.0,2.8,2.84,0.5
1019,Wadworth Brewer's Strength IPA,Wadworth,Beer,IPA,1,pint,568,draught,6.2,3.5,3.5216,0.62
1020,Wadworth Carrier,Wadworth,Beer,Pale Ale,500,ml,500,bottle,3.6,1.8,1.8,0.36
1021,Wadworth Cooper's Vice,Wadworth,Beer,Red Ale,1,pint,568,draught,5.0,2.8,2.84,0.5
1022,Wadworth Corvus,Wadworth,Beer,Stout,1,pint,568,draught,4.1,2.3,2.3288,0.41
1023,Wadworth Dray Bells,Wadworth,Beer,Amber Ale,1,pint,568,draught,4.1,2.3,2.3288,0.41
1024,Wadworth Farmers Glory,Wadworth,Beer,Ale,1,pint,568,draught,4.4,2.5,2.4992,0.44
1025,Wadworth Game of Stones,Wadworth,Beer,Golden Ale,1,pint,568,draught,3.8,2.2,2.1584,0.38
1026,Wadworth Horizon,Wadworth,Beer,Golden Ale,500,ml,500,bottle,4.0,2.0,2.0,0.4
1027,Wadworth Horizon,Wadworth,Beer,Golden Ale,1,pint,568,draught,4.0,2.3,2.272,0.4
1028,Wadworth IPA,Wadworth,Beer,IPA,500,ml,500,bottle,3.6,1.8,1.8,0.36
1029,Wadworth IPA,Wadworth,Beer,IPA,1,pint,568,draught,3.6,2.0,2.0448,0.36
1030,Wadworth Swordfish,Wadworth,Beer,Ale,500,ml,500,bottle,4.3,2.2,2.15,0.43
1031,Wadworth Swordfish,Wadworth,Beer,Ale,1,pint,568,draught,5.0,2.8,2.84,0.5
1032,Wadworth Treacle Treat,Wadworth,Beer,Dark Ale,1,pint,568,draught,4.2,2.4,2.3856,0.42
1033,Wadworths Dirty Rucker,Wadworth,Beer,Ale,1,pint,568,draught,3.9,2.2,2.2152,0.39
1034,Wadworths Studs Up,Wadworth,Beer,Pale Ale,1,pint,568,draught,4.0,2.3,2.272,0.4
1035,Wainwright,Wainwright,Beer,Beer,1,pint,568,draught,4.1,2.3,2.3288,0.41
1036,Warsteiner,Warsteiner,Beer,Lager,1,pint,568,draught,4.8,2.7,2.7264,0.48
1037,Westons Caple Rd Blend No 3 Cider,Westons,Cider,,330,ml,330,can,5.2,1.7,1.716,0.52
1038,Westons Caple Rd Blend No 3 Cider,Westons,Cider,,1,pint,568,draught,5.2,3.0,2.9536,0.52
1039,Westons Mortimers Orchard Cider,Westons,Cider,,1,pint,568,draught,5.0,2.8,2.84,0.5
1040,Westons Mortimers Orchard English Berry,Westons,Cider,Fruit Cider,1,pint,568,draught,4.0,2.3,2.272,0.4
1041,Westons Old Rosie,Westons,Cider,,1,pint,568,draught,7.3,4.1,4.1464,0.73
1042,Westons Rosie's Pig,Westons,Cider,,1,pint,568,draught,4.8,2.7,2.7264,0.48
1043,Westons Rosie's Pig Flat Tyre,Westons,Cider,Fruit Cider,330,ml,330,can,4.0,1.3,1.32,0.4
1044,Westons Rosie's Pig Flat Tyre,Westons,Cider,Fruit Cider,1,pint,568,draught,4.0,2.3,2.272,0.4
1045,Westons Rosie's Pig Handbrake,Westons,Cider,Fruit Cider,330,ml,330,can,4.0,1.3,1.32,0.4
1046,Westons Rosie's Pig Handbrake,Westons,Cider,Fruit Cider,1,pint,568,draught,4.0,2.3,2.272,0.4
1047,Westons Wyld Wood Organic Cider,Westons,Cider,,500,ml,500,bottle,6.0,3.0,3.0,0.6
1048,Westons Wyld Wood Organic Cider,Westons,Cider,,1,pint,568,draught,6.0,3.4,3.408,0.6
1049,Whipstitch Festival Apple Cider,Whipstitch,Cider,,330,ml,330,can,4.7,1.6,1.551,0.47
1050,Whipstitch Festival Apple Cider,Whipstitch,Cider,,1,pint,568,draught,4.7,2.7,2.6696,0.47
1051,Whipstitch Festival Dark Fruits Cider,Whipstitch,Cider,Fruit Cider,330,ml,330,bottle,4.7,1.6,1.551,0.47
1052,Whitbread Best Bitter,Whitbread,Beer,Bitter,1,pint,568,draught,3.3,1.9,1.8744,0.33
1053,Wild Beer Bibble,The Wild Beer Co,Beer,Pale Ale,330,ml,330,can,4.2,1.4,1.386,0.42
1054,Wild Beer Fresh,The Wild Beer Co,Beer,Ale,330,ml,330,can,5.5,1.8,1.815,0.55
1055,Wild Beer Madness IPA,The Wild Beer Co,Beer,IPA,330,ml,330,can,6.8,2.2,2.244,0.68
1056,Wild Beer Millionaire,The Wild Beer Co,Beer,Stout,330,ml,330,bottle,4.7,1.6,1.551,0.47
1057,Wild Beer Nebula Hazy IPA,The Wild Beer Co,Beer,IPA,330,ml,330,can,5.0,1.7,1.65,0.5
1058,Wild Beer Pogo,The Wild Beer Co,Beer,Pale Ale,330,ml,330,can,4.0,1.3,1.32,0.4
1059,Wild Beer Sleeping Lemons,The Wild Beer Co,Beer,Gose,330,ml,330,bottle,3.6,1.2,1.188,0.36
1060,Wild Beer Sleeping Limes,The Wild Beer Co,Beer,Gose,330,ml,330,can,4.6,1.5,1.518,0.46
1061,Wild Beer Yokai,The Wild Beer Co,Beer,IPA,330,ml,330,can,5.0,1.7,1.65,0.5
1062,Wild River,Fuller's,Beer,Pale Ale,330,ml,330,can,4.5,1.5,1.485,0.45
1063,Wild River,Fuller's,Beer,Pale Ale,1,pint,568,draught,4.5,2.6,2.556,0.45
1064,Woodpecker Cider,Woodpecker,Cider,,275,ml,275,bottle,3.5,1.0,0.9625,0.35
1065,Worthington Creamflow,Worthington,Beer,Bitter,1,pint,568,draught,3.6,2.0,2.0448,0.36
1066,Wychwood Hoppleganger,Wychwood,Beer,Blonde Ale,1,pint,568,draught,4.4,2.5,2.4992,0.44
1067,Wylam Club of Slaughters,Wylam,Beer,Stout,330,ml,330,bottle,8.8,2.9,2.904,0.88
1068,Wylam Haxan,Wylam,Beer,Wheat Beer,330,ml,330,bottle,6.2,2.0,2.046,0.62
1069,Wylam Hickey the Rake,Wylam,Beer,Pale Ale,330,ml,330,bottle,4.2,1.4,1.386,0.42
1070,Wylam Jakehead IPA,Wylam,Beer,IPA,330,ml,330,bottle,6.3,2.1,2.079,0.63
1071,Wylam Le Sasionnier,Wylam,Beer,Saison,330,ml,330,bottle,5.4,1.8,1.782,0.54
1072,Wylam Remain in Light,Wylam,Beer,Pale Ale,330,ml,330,bottle,5.0,1.7,1.65,0.5
1073,Yeastie Boys Bigmouth,Yeastie Boys,Beer,IPA,330,ml,330,can,4.4,1.5,1.452,0.44
1074,Yeastie Boys Digital IPA,Yeastie Boys,Beer,IPA,330,ml,330,can,5.7,1.9,1.881,0.57
1075,Yeastie Boys Gunnamatta,Yeastie Boys,Beer,IPA,330,ml,330,can,6.5,2.1,2.145,0.65
1076,Yeastie Boys Pot Kettle Black,Yeastie Boys,Beer,Porter,330,ml,330,can,6.0,2.0,1.98,0.6
1077,Yeastie Boys White Noise,Yeastie Boys,Beer,Wheat Beer,330,ml,330,can,4.4,1.5,1.452,0.44
1078,Young's Bitter,Young's,Beer,Bitter,1,pint,568,draught,3.7,2.1,2.1016,0.37
1079,Young's London Stout,Young's,Beer,Stout,1,pint,568,draught,4.3,2.4,2.4424,0.43
1080,Zeffer Hopped Infused Cider,Zeffer,Cider,,330,ml,330,bottle,5.4,1.8,1.782,0.54
1081,Zywiec,Zywiec,Beer,Lager,500,ml,500,bottle,5.6,2.8,2.8,0.56
